,heating_setpoint,efficiency_boiler,ext_wall_insul_thickness,roof_insul_thickness,floor_insul_thickness,infiltration_ach,dhw_consumption,gas_cooking
1,17.88548752,0.67009338,0.060851615,0.176262466,0.046787745,0.595267402,2.01E-05,4.999785842
2,17.72593797,0.63889632,0.045535627,0.188832113,0.054501105,0.709955869,6.41E-06,5.107948886
3,17.57891789,0.648611668,0.061332068,0.193023435,0.052543031,0.838439685,1.68E-05,4.137871352
4,20.43360607,0.646155915,0.040173642,0.176787066,0.051654139,0.335905323,7.54E-06,2.504208361
5,17.5548642,0.716036387,0.043694945,0.189216318,0.051336083,0.275730516,1.60E-05,1.459900628
6,18.8879507,0.624720764,0.049051793,0.16437815,0.049864405,0.854096901,1.87E-05,3.967832041
7,20.37829108,0.702601984,0.050320713,0.186475979,0.054942405,0.612350099,1.70E-05,1.642169438
8,18.47407486,0.684654862,0.046815521,0.183808449,0.051965899,0.802794687,1.57E-05,5.450305463
9,17.76365628,0.718126697,0.042018929,0.187375821,0.05106459,0.786432823,1.71E-05,4.342241048
10,20.47315407,0.706824954,0.05385116,0.166749662,0.052719524,0.345149995,6.87E-06,5.163158408
11,19.40041278,0.74318419,0.049380494,0.169390679,0.050890533,0.265263422,8.97E-06,5.438268468
12,18.98287683,0.698524853,0.05266543,0.170633293,0.045881049,0.475738286,6.57E-06,1.951592414
13,19.27760215,0.672846669,0.052125912,0.198679231,0.045943346,0.259981206,7.48E-06,1.536339883
14,19.91864317,0.61840809,0.058278792,0.160142646,0.054058749,0.301114779,8.81E-06,2.082693829
15,18.84765814,0.668832368,0.04160417,0.19495949,0.052636262,0.710078669,1.45E-05,2.439685831
16,19.06676033,0.625381164,0.049839445,0.182835564,0.054392463,0.937146856,2.06E-05,4.230120632
17,19.30469829,0.628140318,0.054299556,0.174419785,0.053227293,0.635560788,1.55E-05,5.8390668
18,18.48213332,0.632293547,0.050491572,0.180327686,0.049311799,0.50171262,2.15E-05,4.739702706
19,20.13832274,0.614481232,0.048104909,0.179670313,0.053553016,0.801788847,1.90E-05,1.498379155
20,20.25671582,0.694067352,0.041461509,0.170430914,0.052701439,0.81957645,7.76E-06,5.283940551
21,19.53195878,0.624863719,0.047323276,0.209748686,0.053659314,0.526719577,1.63E-05,3.844244646
22,19.64295747,0.700162142,0.040394707,0.19631293,0.053348229,0.61555525,1.98E-05,5.728678231
23,19.01899083,0.655217369,0.042201392,0.190401482,0.045658922,0.427744332,1.64E-05,4.97382614
24,20.38646943,0.635763573,0.042406258,0.207099267,0.054081157,0.448483378,1.43E-05,1.789193101
25,20.21258156,0.624290424,0.048332864,0.195433865,0.046858305,0.857673148,1.62E-05,4.39446904
26,19.09441956,0.61087166,0.06270661,0.15358649,0.054866905,0.443934724,1.20E-05,4.761335659
27,20.14307262,0.708878324,0.048003808,0.181245927,0.047024159,0.757154395,7.65E-06,1.18131104
28,19.03413911,0.656574778,0.042726354,0.201064848,0.045280453,0.905760863,7.61E-06,1.507130643
29,19.6893268,0.712997761,0.053740876,0.196764462,0.053270671,0.419790714,9.96E-06,3.783876153
30,19.70439606,0.717977938,0.052962151,0.200863796,0.049308632,0.822661368,1.18E-05,2.11650636
31,19.74119817,0.627879004,0.060173406,0.18464501,0.046740057,0.536997817,6.34E-06,5.070802148
32,18.30542458,0.692133295,0.054682715,0.202834925,0.047983444,0.348926291,1.50E-05,3.079702983
33,18.27417566,0.639881008,0.043005641,0.207844663,0.051800794,0.614791005,9.39E-06,4.030635455
34,19.26078073,0.744696036,0.041873605,0.187396298,0.046757604,0.429499521,1.01E-05,5.063506656
35,19.23453187,0.703435752,0.046085941,0.197386695,0.054296124,0.894048519,1.73E-05,2.906176192
36,18.20458589,0.691909911,0.054274198,0.152402079,0.05252976,0.200791345,1.99E-05,3.911369109
37,19.5872968,0.737492332,0.057834846,0.177894995,0.050840613,0.602289106,1.78E-05,3.712236365
38,19.23301586,0.610513719,0.044114756,0.196216234,0.045637541,0.53975463,2.10E-05,3.111790509
39,17.80602475,0.685504578,0.059446292,0.179310125,0.047600906,0.227397673,1.69E-05,5.902819227
40,20.40581794,0.684060562,0.056099526,0.203390808,0.052739115,0.83099573,1.35E-05,1.195914662
41,19.92319553,0.705796185,0.051636795,0.158845774,0.046218424,0.295604072,1.57E-05,4.927865217
42,19.3808397,0.661772842,0.05501477,0.185320381,0.047468468,0.686956907,6.43E-06,3.243215978
43,17.71620667,0.606074177,0.047729931,0.202948776,0.048871858,0.822406003,7.68E-06,1.89121342
44,19.41621538,0.741247431,0.052602645,0.204508853,0.050803747,0.664667283,1.11E-05,2.900155714
45,19.45195802,0.623276441,0.045913708,0.186225884,0.052142659,0.59137706,1.67E-05,2.234585429
46,17.7489294,0.660862232,0.058630646,0.165350213,0.052783282,0.555784807,1.23E-05,1.643484486
47,19.90594749,0.67520645,0.058334749,0.181752397,0.045994264,0.927301116,2.07E-05,4.533776074
48,19.26600959,0.690123627,0.040304336,0.163638106,0.048369476,0.538000125,6.83E-06,3.382900199
49,18.67258448,0.6199053,0.049152876,0.177744389,0.048926942,0.394249886,8.84E-06,4.711765027
50,20.04578813,0.747608314,0.042220405,0.208070696,0.051366208,0.498498289,7.26E-06,2.401738394
51,19.4494782,0.62655579,0.051137851,0.154596517,0.046040785,0.424114299,1.43E-05,4.576557154
52,17.59442588,0.609365745,0.056211623,0.1914295,0.04869938,0.239540993,1.46E-05,1.38336132
53,19.50311285,0.710548286,0.046399944,0.200931597,0.051536093,0.878554833,1.89E-05,2.613892707
54,18.94538519,0.662024592,0.046381914,0.196585068,0.052052591,0.417448675,2.13E-05,5.589846831
55,18.94852501,0.748960514,0.04576469,0.200490226,0.053091928,0.901866201,1.20E-05,4.287328657
56,20.38376636,0.667781229,0.04389822,0.162991796,0.046547448,0.79683403,1.40E-05,1.704634931
57,17.55736915,0.689085423,0.060326725,0.158560757,0.051752836,0.820843316,1.90E-05,2.667112003
58,18.13817235,0.606208332,0.044409669,0.203044826,0.052170854,0.442587916,1.07E-05,4.355299957
59,17.96966945,0.665825684,0.062325383,0.155473839,0.047325555,0.656112936,1.88E-05,1.371703005
60,18.13931155,0.608129686,0.055153617,0.197771299,0.046330986,0.651559967,1.07E-05,4.283860339
61,18.21701119,0.719172889,0.055112784,0.193963219,0.054824512,0.790286004,1.64E-05,2.217530822
62,18.63030525,0.704304935,0.047934725,0.152289422,0.046311007,0.938630294,1.37E-05,4.548715637
63,18.05320211,0.602794815,0.062526428,0.199427469,0.054844183,0.860780564,1.56E-05,4.517045351
64,19.24505525,0.737611674,0.058168925,0.203880983,0.051908282,0.894878967,7.06E-06,2.20145614
65,19.55007964,0.657906954,0.050664318,0.171225409,0.04800707,0.770235936,1.95E-05,1.217959223
66,20.10484604,0.648471959,0.041649894,0.203650346,0.051849904,0.578144356,2.05E-05,2.292766405
67,18.61396344,0.627981154,0.056283858,0.157741084,0.045982721,0.240377293,8.38E-06,4.469708005
68,20.07984845,0.697130855,0.049120256,0.189129585,0.047854374,0.512006435,1.15E-05,2.935646433
69,19.09609503,0.732543416,0.046290725,0.190997788,0.049700192,0.320319134,1.85E-05,4.065899052
70,17.97423242,0.736866685,0.055888225,0.198937864,0.05348709,0.803001921,1.86E-05,4.880567129
71,18.5578525,0.684786344,0.053670533,0.206811447,0.051990213,0.495342865,1.40E-05,5.54445078
72,20.03035871,0.659681742,0.061966839,0.158428794,0.045277185,0.656889705,1.73E-05,1.921334575
73,19.6020053,0.62236161,0.047286548,0.159807978,0.051581192,0.645610424,1.95E-05,1.204486782
74,19.03820338,0.657139417,0.051170989,0.184551167,0.051819612,0.832200448,1.42E-05,4.854186875
75,19.34305733,0.745230535,0.05221286,0.174596672,0.049387968,0.589519911,1.78E-05,2.505062701
76,18.17159427,0.729775755,0.052517338,0.195008011,0.049424216,0.314135593,1.25E-05,5.968709194
77,17.75741785,0.70288117,0.054556078,0.164518635,0.046515424,0.801254727,1.80E-05,3.095651425
78,18.00263728,0.606944498,0.05748772,0.201754342,0.052596388,0.545531884,1.39E-05,5.559558851
79,18.30706152,0.686625124,0.041226681,0.165929449,0.048153963,0.676915053,2.15E-05,4.849827335
80,20.20162235,0.60153156,0.042599479,0.188253562,0.046406179,0.603444007,1.54E-05,4.196268272
81,18.20003173,0.685463902,0.047348804,0.158900788,0.048980908,0.844324232,1.44E-05,5.424142412
82,18.7464366,0.73128941,0.044903742,0.177191057,0.046164392,0.38845452,1.38E-05,5.040679609
83,19.53076184,0.600779263,0.050912823,0.185967059,0.051678311,0.288055041,1.02E-05,5.487625879
84,19.94105692,0.74158831,0.060129554,0.160848568,0.046481828,0.90561846,1.85E-05,4.365865663
85,17.89992584,0.674382633,0.052926236,0.204765331,0.05248096,0.544173943,1.76E-05,2.681548861
86,18.06139048,0.675044242,0.046122654,0.194377103,0.050912628,0.215564565,1.34E-05,5.368344876
87,18.27905623,0.74056115,0.042861069,0.153136289,0.053033242,0.39429348,2.00E-05,2.634263209
88,18.47992072,0.648895519,0.045165154,0.16926784,0.047342408,0.931226211,7.09E-06,5.673289154
89,18.03156189,0.617264341,0.049391547,0.187718095,0.046235832,0.725395162,2.08E-05,3.683475741
90,19.83183051,0.723695319,0.049643749,0.175264711,0.053605874,0.507086917,1.69E-05,2.752991649
91,17.98000112,0.608342565,0.057691692,0.173942755,0.04569252,0.202320308,1.14E-05,3.156730994
92,17.91280903,0.622857308,0.042888708,0.168631473,0.048447194,0.34995402,6.77E-06,2.341596566
93,19.40251985,0.660427545,0.042118072,0.182758652,0.051712911,0.43936435,9.27E-06,5.776759486
94,19.57902888,0.680838133,0.047697865,0.189240953,0.052320358,0.357263536,1.97E-05,3.656461325
95,18.12921084,0.689485522,0.056476913,0.196874992,0.053107915,0.677921802,1.93E-05,3.062186985
96,18.64872267,0.714945322,0.062927017,0.183652889,0.050714266,0.750829474,1.80E-05,2.010042985
97,17.73898354,0.629497041,0.06278977,0.176470444,0.054636367,0.444752302,1.96E-05,4.312227317
98,19.64615894,0.625126256,0.05375712,0.18860983,0.046290584,0.362587292,1.95E-05,6.205479073
99,19.59421648,0.727657373,0.049237651,0.197625463,0.050652994,0.609084634,8.48E-06,2.579249137
100,18.77230656,0.748277189,0.05848694,0.187826482,0.046109601,0.698911293,1.28E-05,3.58294365
101,17.51744138,0.705194474,0.056224479,0.197202693,0.054599088,0.557769413,1.68E-05,4.361811143
102,19.88919477,0.69686605,0.054082334,0.202050884,0.054421024,0.731797421,1.20E-05,5.769898808
103,20.15483561,0.736068597,0.043092654,0.150045626,0.054387642,0.639263597,1.22E-05,1.55962588
104,19.87442161,0.721115639,0.050462025,0.177975461,0.050254214,0.867191977,1.93E-05,2.442221299
105,20.19877499,0.669101916,0.054413522,0.181846769,0.047234156,0.815201829,6.44E-06,5.886973876
106,18.59844675,0.719432898,0.06237331,0.178223991,0.049658186,0.888714671,8.69E-06,5.344454516
107,17.73403795,0.66058024,0.042153254,0.16071729,0.050070701,0.222660493,9.83E-06,5.636345589
108,20.40917342,0.617809335,0.054372474,0.200629866,0.050696682,0.252032718,1.52E-05,5.128284082
109,19.08396378,0.715455216,0.040043398,0.196498835,0.051174351,0.876408393,8.45E-06,1.313423411
110,19.07584086,0.629567972,0.05155346,0.174792618,0.051738346,0.735491891,1.79E-05,3.620099681
111,18.68042062,0.736995619,0.060254199,0.151843839,0.053661202,0.505106476,8.13E-06,3.392510142
112,18.54291818,0.693927898,0.044926216,0.154200371,0.048931537,0.462669338,1.49E-05,5.684138475
113,18.8106737,0.724773082,0.048587383,0.174426365,0.054620224,0.632654104,1.41E-05,3.483777352
114,19.28699391,0.686528477,0.044036051,0.174861987,0.052617179,0.647393484,1.99E-05,4.209537986
115,17.95717771,0.649992396,0.048886556,0.155867582,0.052239617,0.633484746,1.58E-05,2.882910906
116,17.87183495,0.71344877,0.054922089,0.193644678,0.048911813,0.721799911,6.46E-06,3.522999918
117,19.41881954,0.642012969,0.045798629,0.187955179,0.045423378,0.669663904,1.65E-05,4.824600058
118,18.74814342,0.738787576,0.041676432,0.190513331,0.045715436,0.348233286,1.15E-05,4.693002933
119,18.82082549,0.69494821,0.058722811,0.183409179,0.045754034,0.670899217,1.25E-05,6.271098999
120,19.66160064,0.716825447,0.043176504,0.155269149,0.05073688,0.249163947,1.16E-05,1.208636698
121,17.64506602,0.677121742,0.050356055,0.166563193,0.051861798,0.237167325,1.66E-05,1.72574951
122,19.56402632,0.707541956,0.051086043,0.183127842,0.04738188,0.480704918,1.35E-05,1.375883821
123,19.0167431,0.68754561,0.060215052,0.20461536,0.045779741,0.491545858,7.93E-06,5.17200431
124,18.19177064,0.666501498,0.046418631,0.202890969,0.046840823,0.562486764,1.80E-05,5.507437781
125,17.60021871,0.742502568,0.041749161,0.160274343,0.047309858,0.688127007,2.12E-05,4.858277868
126,18.80518674,0.672468996,0.046176361,0.153202745,0.05492278,0.22005543,1.42E-05,3.074386027
127,17.94407221,0.630056042,0.0541255,0.197878436,0.046906544,0.682760183,1.70E-05,5.199368107
128,19.82541645,0.649003139,0.046940142,0.191105774,0.047330434,0.544944458,1.99E-05,2.567005864
129,20.11280951,0.702968895,0.048496008,0.184772144,0.048421206,0.601563557,7.87E-06,5.947539339
130,19.09028011,0.61156694,0.044994224,0.191344359,0.04695402,0.298919868,1.52E-05,4.252533694
131,19.42942774,0.679656274,0.062876885,0.180037816,0.0450957,0.825442247,1.76E-05,2.262976902
132,19.89290277,0.659059646,0.044785255,0.18061824,0.053088541,0.224110062,1.28E-05,4.033315727
133,18.83073392,0.618999523,0.054712917,0.151064162,0.048099254,0.350727808,1.47E-05,3.650713959
134,19.12213576,0.634769895,0.050466925,0.188364045,0.052367537,0.459498846,1.39E-05,2.41884093
135,18.27047514,0.728268424,0.042684091,0.198001367,0.048138718,0.652596672,7.48E-06,1.752027831
136,18.669799,0.688249506,0.059358754,0.168090423,0.054200568,0.21311661,1.66E-05,3.271060293
137,18.59472574,0.655993585,0.052575573,0.153748431,0.05206002,0.743385312,1.35E-05,3.356522624
138,19.49663587,0.601677447,0.062584496,0.161930044,0.047401329,0.529625195,1.56E-05,4.148028052
139,18.76488108,0.625709177,0.04899985,0.199598312,0.048705388,0.554860736,1.17E-05,2.394081034
140,18.39363256,0.686876609,0.054597862,0.172104944,0.050553946,0.90850007,8.82E-06,5.651760644
141,18.69620122,0.707785137,0.043353051,0.169465175,0.049944713,0.599787573,1.08E-05,5.992253282
142,18.63255666,0.662423802,0.054522605,0.161797728,0.05313761,0.73429524,2.04E-05,5.942663211
143,18.35015086,0.718515028,0.058295069,0.170811252,0.053238214,0.289612664,1.26E-05,3.203199533
144,17.98984171,0.610488902,0.041165314,0.205257853,0.04806201,0.436510811,1.13E-05,5.805594844
145,20.41716206,0.628229768,0.045576621,0.198498637,0.047506058,0.724206153,1.37E-05,2.705989111
146,20.36324443,0.622975442,0.043912805,0.20094843,0.046707741,0.784026447,1.81E-05,4.841122497
147,18.40343987,0.62837115,0.04279417,0.201246229,0.049356674,0.311730111,2.19E-05,3.479642206
148,19.55796285,0.680627077,0.059968092,0.182465475,0.049895133,0.238406466,1.16E-05,2.816471533
149,19.28411221,0.642970326,0.05238509,0.177458798,0.054680706,0.88715559,2.10E-05,2.786786515
150,19.11027322,0.728593753,0.040444435,0.205075717,0.046456501,0.817695268,1.34E-05,5.21580167
151,17.93879603,0.626253831,0.046207867,0.166982238,0.053566338,0.89652618,1.40E-05,2.746917064
152,19.84278138,0.691976188,0.050102051,0.209242197,0.046866629,0.62748639,1.52E-05,1.477855136
153,17.87589708,0.615617626,0.050250175,0.208533045,0.048892963,0.708961085,1.69E-05,3.916623928
154,17.50038398,0.635571488,0.047424136,0.190565477,0.052602375,0.818048264,1.85E-05,2.950269978
155,17.93732903,0.663039732,0.057410892,0.17983852,0.045197048,0.476747709,7.78E-06,1.689099225
156,18.35579263,0.626778964,0.061860723,0.160534894,0.049626301,0.435411176,1.19E-05,3.602863169
157,18.83940963,0.713941186,0.057180274,0.206207462,0.054724478,0.470592738,1.19E-05,5.828080626
158,20.00574545,0.685755391,0.051776179,0.181705378,0.050530443,0.208340661,8.50E-06,1.584403375
159,19.47098368,0.698206399,0.055798144,0.180285439,0.047131185,0.562142801,1.96E-05,2.478421111
160,19.95812748,0.740950018,0.041050534,0.164750323,0.049439835,0.685101999,1.44E-05,2.476026194
161,19.36453737,0.641418711,0.046879437,0.163699092,0.053402415,0.50574162,6.36E-06,1.848737562
162,20.08602508,0.647578783,0.054475978,0.198428963,0.048581981,0.580621107,2.11E-05,1.446527641
163,20.44988001,0.732369528,0.053036592,0.155392711,0.047269421,0.694987186,1.78E-05,6.057749809
164,18.97970724,0.700702522,0.050635165,0.188950121,0.054064848,0.776362887,9.58E-06,5.998232277
165,18.91748747,0.702480181,0.040233963,0.204354146,0.048996044,0.312816861,1.34E-05,1.251481867
166,19.41290226,0.691494522,0.053286164,0.176354707,0.050930549,0.205336618,6.73E-06,5.351704187
167,19.85410986,0.668426617,0.062189595,0.203465693,0.05150123,0.835339379,1.94E-05,5.363963209
168,18.25075486,0.648397856,0.057567918,0.185575645,0.045478103,0.77695837,1.09E-05,2.256015963
169,19.19286836,0.611388021,0.0459542,0.183978625,0.048027054,0.727393948,1.24E-05,1.311462354
170,18.78880138,0.673128885,0.046638286,0.201330074,0.054033235,0.42192091,1.13E-05,6.098630926
171,19.18382496,0.657336631,0.06042359,0.165035794,0.051006871,0.688590548,1.08E-05,5.073954986
172,18.70743571,0.743924421,0.042340081,0.156983505,0.053437066,0.585949854,1.45E-05,4.79315914
173,19.46079222,0.601459142,0.058400734,0.20978442,0.046520939,0.464072564,1.68E-05,5.78461518
174,20.22372023,0.692490543,0.053946619,0.17344456,0.051186867,0.504344775,1.06E-05,1.522819611
175,18.58989302,0.701826738,0.056323095,0.206229327,0.050408795,0.418601748,1.64E-05,3.663233655
176,17.8161561,0.662291641,0.046151458,0.156566257,0.048946942,0.883503471,2.20E-05,3.005549376
177,18.60841119,0.616959474,0.058056549,0.191089085,0.054463425,0.266683223,1.87E-05,4.242342134
178,18.07982565,0.608440012,0.061132102,0.194800948,0.046127007,0.809007197,1.19E-05,4.335109394
179,17.66968164,0.729525038,0.059042911,0.15710131,0.052500584,0.846885704,9.40E-06,5.860341656
180,20.11683406,0.713847868,0.042970409,0.20161957,0.046245287,0.487996617,7.58E-06,1.759525575
181,20.31975764,0.629070995,0.05742185,0.168560182,0.054436963,0.726532441,1.37E-05,3.324057266
182,18.36726407,0.629273829,0.053968304,0.187576578,0.049174367,0.214985977,1.94E-05,4.106405815
183,20.24614763,0.692991436,0.05355261,0.204420442,0.050202367,0.285361262,9.89E-06,6.119974935
184,19.33055817,0.681142317,0.056564592,0.187029145,0.052796666,0.7040395,1.78E-05,4.339290319
185,19.77918581,0.639331645,0.057081983,0.164590077,0.045221852,0.250173998,2.20E-05,4.095375084
186,18.36487038,0.625648345,0.055354038,0.167585829,0.053117491,0.329609885,1.63E-05,2.989411847
187,18.99523212,0.620233419,0.046773769,0.172298697,0.046380347,0.254382121,6.98E-06,5.765335819
188,18.06729333,0.73044313,0.062959093,0.180762104,0.049185837,0.242132158,8.47E-06,1.104889063
189,18.73145736,0.627494349,0.040363816,0.176426349,0.047721989,0.87934747,9.93E-06,5.1582322
190,19.67860869,0.6066682,0.05901076,0.165764103,0.054049972,0.567243821,1.84E-05,2.76620138
191,18.05531067,0.603731576,0.053385145,0.188071044,0.047354388,0.770985893,1.89E-05,5.562705748
192,17.83161621,0.7488922,0.049274094,0.175153876,0.045354897,0.371537448,1.30E-05,3.971981035
193,20.46503897,0.671723448,0.042766674,0.167233009,0.045403274,0.4730168,1.22E-05,5.422718938
194,18.44846833,0.667353533,0.046738343,0.185081889,0.048785924,0.251335755,1.77E-05,1.716701281
195,17.8683634,0.63017461,0.061990741,0.188450571,0.046475833,0.778260504,7.88E-06,1.075136246
196,18.80071154,0.705345102,0.04948559,0.204923007,0.047578645,0.297957239,8.63E-06,6.058779792
197,17.62541487,0.65831881,0.048714327,0.196195833,0.045749684,0.327347127,8.12E-06,5.611050985
198,20.22454248,0.654889144,0.058790744,0.177791861,0.053996039,0.46586558,1.00E-05,2.283471242
199,18.85668409,0.636822232,0.055745565,0.191976594,0.054282909,0.258869894,1.28E-05,1.260432506
200,19.94312147,0.600918335,0.042810849,0.208165682,0.052810499,0.305841192,1.04E-05,5.249094375
201,18.7973637,0.696486176,0.05400591,0.179629994,0.050700171,0.75644589,1.89E-05,5.147866211
202,20.42018056,0.734953489,0.059434337,0.159570923,0.045936144,0.662965034,2.14E-05,5.531787841
203,18.18379704,0.651140208,0.06293466,0.177928407,0.046670751,0.432779685,1.16E-05,1.456586439
204,18.78483691,0.619692985,0.052177579,0.206493768,0.053056535,0.829063231,1.82E-05,6.188317908
205,19.52513192,0.69053801,0.055417199,0.168176716,0.047052758,0.480107965,1.18E-05,2.025051538
206,18.11227048,0.634250123,0.042595014,0.201192626,0.053794822,0.33412505,1.52E-05,5.182100607
207,19.5155482,0.702429765,0.056492213,0.187753259,0.053642882,0.379285114,1.59E-05,4.32272459
208,19.35330072,0.618056548,0.055207145,0.193798183,0.04895627,0.335258767,1.79E-05,3.091682067
209,17.69689132,0.621668926,0.05225259,0.172917991,0.050908915,0.346020468,2.13E-05,4.674143752
210,19.4857354,0.67958342,0.062829465,0.165267811,0.052892694,0.253568628,1.06E-05,5.898331657
211,20.09462987,0.716592986,0.042517228,0.175825346,0.050991088,0.893343632,6.96E-06,2.072786664
212,20.27498568,0.690916822,0.050197765,0.169825751,0.051577766,0.514738322,1.24E-05,5.533856668
213,20.00923744,0.711195215,0.061317301,0.161373125,0.047195332,0.859249892,1.39E-05,3.133116299
214,19.90169216,0.680870833,0.051963739,0.152721498,0.048121954,0.6383371,1.50E-05,5.263206521
215,19.31066669,0.618243492,0.062558185,0.20571643,0.049250688,0.636215797,1.03E-05,3.963674334
216,17.71037976,0.63708873,0.051829516,0.204403981,0.050237143,0.363044242,2.11E-05,3.409277699
217,19.06120537,0.669197519,0.049914535,0.170290926,0.047312338,0.272638187,1.96E-05,3.851910022
218,18.25373089,0.713123321,0.062079827,0.182933467,0.051931786,0.642041069,2.03E-05,3.017171277
219,17.72226127,0.637843947,0.055408232,0.173004801,0.049591083,0.915635227,1.98E-05,3.453561382
220,20.15643128,0.728152415,0.046978286,0.200195606,0.046801641,0.22643903,2.01E-05,6.28212345
221,18.97414488,0.70500918,0.052262125,0.161163806,0.054210467,0.359513369,1.61E-05,4.184332543
222,19.66385655,0.73428915,0.047390756,0.163939897,0.052466208,0.685737544,1.93E-05,3.040315216
223,20.28035664,0.733522853,0.058917179,0.156497075,0.050087934,0.229965074,1.86E-05,5.330280495
224,18.57402441,0.646656504,0.044467654,0.190052842,0.054984468,0.626467317,7.42E-06,4.936239319
225,20.06013656,0.650786853,0.061755302,0.192874477,0.05159055,0.872999458,2.02E-05,3.291985928
226,19.65894398,0.609488714,0.049664151,0.151542122,0.049146492,0.531002365,1.86E-05,5.114470477
227,19.25584791,0.748112928,0.047192469,0.153523315,0.05336522,0.220881539,1.41E-05,3.574144924
228,18.87847263,0.674728505,0.054565018,0.169792624,0.048509888,0.242875914,1.55E-05,2.837515394
229,18.96407502,0.663380485,0.062840556,0.150924327,0.046418587,0.808745639,2.16E-05,3.877656538
230,18.96102718,0.638654621,0.055672049,0.20426872,0.051822112,0.334785604,1.83E-05,5.1958221
231,19.76315341,0.678080605,0.047140451,0.181506606,0.046367141,0.582301056,1.60E-05,3.979698216
232,18.31615705,0.623169774,0.041950937,0.166194598,0.046190128,0.832316244,2.11E-05,2.043622257
233,18.14883048,0.621012106,0.059602318,0.201709258,0.054453512,0.885833866,1.32E-05,3.370016354
234,20.05119791,0.728484486,0.050026924,0.18930231,0.047593996,0.627588334,2.01E-05,2.590252525
235,19.92758698,0.638301329,0.041839282,0.164903408,0.052308445,0.247462708,2.09E-05,4.475190126
236,19.29020453,0.709097636,0.051901696,0.173158053,0.054703919,0.592728958,9.72E-06,4.631305498
237,18.08345053,0.654015341,0.058024673,0.194225252,0.053848704,0.338320283,1.53E-05,4.559051594
238,18.91965371,0.607413413,0.056352738,0.156104362,0.047993176,0.463843502,2.18E-05,3.814481567
239,20.09078295,0.690256213,0.061928731,0.151562908,0.050489344,0.744785509,1.50E-05,3.635804513
240,19.73279175,0.676446207,0.051376005,0.156720433,0.049535351,0.932128665,1.96E-05,1.266300849
241,19.96588542,0.745719716,0.044947266,0.154284786,0.052850476,0.273025087,7.31E-06,1.120257008
242,18.26063343,0.676147718,0.060636792,0.171012884,0.054107332,0.303411169,1.74E-05,5.22467252
243,17.57077972,0.714215632,0.060149043,0.161503701,0.046422924,0.280866024,1.26E-05,1.679650821
244,18.33678526,0.708941878,0.046505029,0.207294309,0.047526853,0.528431499,1.23E-05,2.053798053
245,19.60998907,0.634580108,0.055619836,0.163816985,0.048184433,0.715014408,1.74E-05,1.180284545
246,20.4835893,0.710552142,0.041800926,0.174093055,0.051117743,0.840007159,1.60E-05,4.793440097
247,19.10634395,0.728802469,0.059740922,0.177623651,0.052723688,0.517688371,1.94E-05,2.131908086
248,17.61002244,0.645820258,0.048747922,0.18893871,0.049332986,0.798122105,1.67E-05,3.723064271
249,19.16834843,0.721882726,0.062801284,0.181484158,0.052956282,0.354100947,1.94E-05,4.42504541
250,17.80236636,0.641915309,0.054443768,0.151332446,0.050507083,0.41480347,1.21E-05,3.032413197
251,19.83746726,0.670475222,0.052067981,0.159457349,0.045306316,0.755512969,8.54E-06,1.091269391
252,18.10855211,0.614743948,0.056951685,0.179026427,0.046887012,0.655235242,1.13E-05,4.298196065
253,17.89536389,0.661470905,0.053098331,0.183094657,0.052928919,0.499396279,1.52E-05,3.611127407
254,20.49819367,0.635140629,0.052624281,0.15553435,0.051096692,0.213703272,1.91E-05,3.550883894
255,17.93031248,0.664675499,0.055730273,0.194183552,0.050363159,0.637705325,9.06E-06,5.356940942
256,20.19388239,0.738978958,0.048566054,0.187868978,0.051417968,0.28319437,1.46E-05,1.094315829
257,18.9073184,0.712659534,0.046855843,0.189573737,0.053725632,0.892542028,8.33E-06,1.506086763
258,20.18913941,0.603805981,0.049968561,0.163093562,0.049474547,0.53054973,1.73E-05,2.530091853
259,19.16441861,0.603401663,0.060563973,0.179508248,0.048846138,0.640916888,1.65E-05,2.864526986
260,18.54798826,0.622192936,0.05838328,0.175366628,0.054414124,0.659411746,1.58E-05,1.413531927
261,18.71801609,0.613746322,0.046528494,0.176671479,0.050301191,0.881244524,2.17E-05,6.113325205
262,19.17660506,0.721713592,0.048142014,0.198577067,0.049683266,0.241280429,7.39E-06,1.987974845
263,18.50824955,0.704025035,0.040145978,0.180875791,0.051420226,0.574836817,2.18E-05,5.478794896
264,20.23491948,0.718883351,0.062746468,0.178570078,0.04568832,0.261805766,1.23E-05,4.744457974
265,20.39161144,0.74844284,0.045512246,0.176908313,0.052963551,0.457745298,8.17E-06,1.808849777
266,17.56830356,0.74172467,0.045204826,0.183766161,0.049741327,0.846042255,9.65E-06,4.686878383
267,20.30879239,0.670212405,0.059111137,0.199794819,0.047283165,0.509353795,2.20E-05,2.456615101
268,18.82498472,0.681553281,0.058435769,0.187269534,0.045138941,0.225616823,9.69E-06,1.232975811
269,19.10428782,0.643664981,0.057986642,0.207792559,0.045708081,0.909102727,1.36E-05,1.441009687
270,19.93775859,0.716961282,0.055050964,0.1729672,0.05469928,0.218614908,1.77E-05,4.177248996
271,20.4594957,0.742478339,0.0416163,0.201474947,0.051056962,0.945747091,1.54E-05,3.707186467
272,19.78599726,0.735537848,0.056536174,0.167887331,0.052878146,0.401669975,6.79E-06,2.9552277
273,17.85300607,0.703528788,0.050734972,0.167680924,0.05138317,0.871835066,1.29E-05,5.593445333
274,18.66271259,0.682654665,0.061215275,0.174980447,0.052689651,0.904249666,7.25E-06,5.724907903
275,18.68550656,0.629165539,0.057574282,0.178162749,0.052837468,0.707170526,7.86E-06,4.001740911
276,18.84671454,0.617633008,0.041721636,0.182111401,0.051127497,0.312211915,1.35E-05,2.42954557
277,18.69983041,0.707297148,0.057504269,0.200047431,0.052880075,0.819272736,1.52E-05,1.234168447
278,17.77587792,0.636359025,0.053128663,0.200119475,0.051465983,0.477974224,1.32E-05,5.810655347
279,18.60314201,0.749316611,0.052492983,0.184582423,0.04788084,0.629647833,2.08E-05,4.071326294
280,18.7617829,0.645005105,0.060666352,0.157176094,0.045295131,0.263214715,7.92E-06,4.731721009
281,19.91363714,0.72789788,0.055516402,0.205319188,0.052771042,0.933681908,1.75E-05,3.19312775
282,18.49655583,0.654326265,0.053214873,0.208220507,0.045626593,0.410516452,2.19E-05,1.868894015
283,20.31133598,0.667346234,0.059711294,0.206449782,0.054819419,0.385581492,1.07E-05,4.252072954
284,19.07155045,0.744516476,0.041786363,0.205888417,0.051795365,0.549022083,1.91E-05,4.922960198
285,20.26998275,0.632752056,0.044211513,0.16730496,0.048900592,0.933284839,2.05E-05,2.982470146
286,18.66082945,0.641787454,0.042026138,0.19700531,0.051100636,0.400011173,1.15E-05,4.492324953
287,18.10480929,0.687054283,0.043657895,0.171298978,0.053589128,0.816815373,1.50E-05,2.315256717
288,19.16185036,0.694510602,0.043987429,0.150102728,0.048143162,0.705753664,2.00E-05,1.936796973
289,18.70451927,0.681428514,0.058114131,0.198133609,0.053985126,0.206112784,1.48E-05,1.884004815
290,19.6754333,0.671598526,0.05496529,0.175469635,0.05066985,0.395851429,6.54E-06,6.050097184
291,19.0508858,0.71994789,0.058553108,0.159215968,0.053544052,0.930453204,2.09E-05,5.076865899
292,18.34177924,0.625007114,0.057684435,0.192338474,0.047622715,0.458106116,1.46E-05,5.101405895
293,18.69154111,0.74540383,0.044298786,0.176537536,0.047437902,0.691845241,1.61E-05,3.772461287
294,17.80435455,0.726169443,0.040284986,0.197303391,0.053764908,0.826154621,1.44E-05,1.911249693
295,18.36183355,0.711586972,0.051726431,0.167966959,0.052350074,0.634471206,1.92E-05,3.429542658
296,18.98504171,0.621924023,0.054012505,0.154450243,0.045799434,0.680516286,1.98E-05,3.699822767
297,18.40004623,0.746862282,0.042738792,0.197656093,0.049779243,0.772393443,1.77E-05,4.129519286
298,19.95032673,0.660602044,0.048004804,0.180568349,0.045862931,0.331791524,9.78E-06,2.15704466
299,18.50604597,0.675746242,0.047877667,0.165700925,0.053175919,0.403774139,2.04E-05,1.132012696
300,17.53294765,0.694670875,0.058619614,0.154099872,0.046927466,0.32505921,1.37E-05,5.57745263
301,20.46278206,0.619951885,0.050814212,0.195830437,0.046665199,0.308706371,6.29E-06,3.298314286
302,19.69903965,0.743300597,0.05028626,0.20957128,0.054334105,0.809982817,1.71E-05,4.530524607
303,17.58725009,0.621295975,0.0576466,0.160428085,0.047450529,0.297359324,1.71E-05,4.61428936
304,17.72911232,0.632242262,0.042365394,0.18419924,0.049694135,0.943038709,2.03E-05,6.258661298
305,19.02797758,0.670901849,0.046601762,0.164789539,0.052106588,0.307465684,6.32E-06,2.860516868
306,20.0159949,0.6244919,0.061097776,0.185751623,0.05063594,0.78503655,2.08E-05,4.579135058
307,18.38146545,0.657627789,0.044507052,0.195890475,0.05124024,0.700967033,1.96E-05,1.334334881
308,17.99415541,0.742783515,0.060509333,0.178699335,0.046696086,0.767213554,1.75E-05,5.254040165
309,18.49498854,0.749804104,0.054379503,0.152059275,0.050265845,0.604991786,2.09E-05,3.986716531
310,18.46132424,0.600080538,0.05796807,0.204897047,0.049036229,0.231062875,1.90E-05,2.278233422
311,18.76669102,0.653656672,0.057613052,0.182639751,0.052265427,0.22221914,1.67E-05,5.927619754
312,17.68765491,0.612134391,0.052043558,0.20022336,0.051649933,0.51615144,1.35E-05,2.96847015
313,19.96874605,0.713664183,0.050228396,0.170164568,0.053829795,0.753752218,1.11E-05,6.089423621
314,20.22086619,0.614112635,0.045176254,0.157717023,0.048716351,0.833125765,6.17E-06,5.429504417
315,17.67111484,0.658077657,0.041888234,0.168768495,0.045375709,0.236693504,6.48E-06,1.172577507
316,19.0593958,0.734060642,0.062425952,0.17431403,0.049047078,0.518816538,1.09E-05,5.141633653
317,18.60449297,0.673776438,0.056288013,0.171080943,0.053942072,0.872047601,1.35E-05,4.393220721
318,19.96158481,0.746586924,0.050692266,0.205423623,0.054587713,0.358719226,2.17E-05,3.92884032
319,19.35626446,0.667515613,0.042456588,0.151128879,0.048830219,0.782837968,1.12E-05,3.401874492
320,19.36606301,0.699482954,0.061584729,0.176144468,0.051970719,0.202140293,1.95E-05,1.573692224
321,17.53308363,0.710922999,0.043169744,0.208711925,0.049452397,0.375548075,1.01E-05,3.276004622
322,19.14939812,0.687384998,0.061465279,0.205963386,0.047684506,0.437655619,1.54E-05,1.165454807
323,17.62798285,0.663974726,0.0577886,0.183460817,0.053351667,0.232802661,8.31E-06,3.011445439
324,18.41252815,0.638155665,0.046544288,0.182046722,0.047677259,0.862820829,1.87E-05,5.014284668
325,19.61853712,0.637314535,0.040748099,0.150832891,0.053805471,0.799537195,1.69E-05,2.407978046
326,19.75680426,0.722599037,0.047221984,0.187644619,0.053380241,0.700118749,7.41E-06,4.161632348
327,17.66527552,0.643433903,0.044642358,0.198080921,0.048468724,0.742616467,1.03E-05,4.840109658
328,19.94574512,0.724893517,0.061909437,0.167104942,0.054767306,0.653433996,1.63E-05,1.773923048
329,20.1309856,0.662223177,0.060559649,0.195701094,0.053309974,0.554290977,6.64E-06,3.835735782
330,20.17207895,0.60357947,0.060338654,0.201585294,0.048745142,0.532199797,2.16E-05,3.706442934
331,18.03593394,0.657484649,0.045271103,0.18499875,0.051631391,0.367544825,1.92E-05,1.651201112
332,19.04075264,0.642246882,0.061284901,0.207671954,0.046277022,0.42448384,1.06E-05,1.467365181
333,18.39651729,0.719820363,0.045660832,0.196840018,0.052425822,0.467480065,2.12E-05,6.064296802
334,19.47863516,0.624067737,0.059376837,0.192928032,0.053219653,0.767998363,1.84E-05,4.16962189
335,17.58605429,0.658876401,0.044567921,0.204823019,0.048766427,0.238140732,1.17E-05,5.154404154
336,18.34614655,0.682244812,0.04879116,0.183671849,0.048012287,0.452997204,1.51E-05,4.412318276
337,18.63954833,0.691067752,0.045889845,0.201976811,0.050315855,0.508673893,2.14E-05,5.64795381
338,20.33310919,0.613048229,0.047229637,0.177676029,0.050100761,0.621829713,7.17E-06,6.12536873
339,20.20729551,0.692834021,0.056428482,0.17421434,0.048438881,0.624761709,8.60E-06,3.640721994
340,18.44655263,0.61236358,0.046906886,0.187145619,0.049072882,0.646510667,1.56E-05,2.851945474
341,19.9771916,0.695492035,0.049892901,0.204666375,0.050781752,0.870827636,1.17E-05,2.524630099
342,17.92701997,0.621763957,0.062649452,0.195239984,0.045240963,0.567701371,1.60E-05,2.181252607
343,18.07324063,0.643878364,0.048731007,0.188165738,0.048689696,0.414142016,1.48E-05,1.765834908
344,19.99827453,0.697344074,0.059908755,0.174286945,0.047062387,0.469571315,1.86E-05,4.719251446
345,20.13560947,0.714097213,0.05306335,0.18141355,0.045413571,0.842119775,6.81E-06,6.142755413
346,19.68579874,0.611776865,0.047974977,0.184299097,0.051882921,0.64855843,1.23E-05,1.221602921
347,18.46603607,0.619432094,0.041218304,0.199206628,0.046344879,0.422674434,1.65E-05,5.296525609
348,18.95779895,0.607695293,0.061066872,0.186971924,0.047640863,0.765420484,2.02E-05,4.077087532
349,19.13077284,0.664184409,0.052342678,0.168277269,0.049601505,0.84870344,1.37E-05,2.788129302
350,18.1020166,0.715202998,0.042292634,0.202182339,0.047141404,0.232173859,1.05E-05,3.14704826
351,18.73439003,0.740145319,0.051701959,0.188670389,0.046634331,0.487166097,9.87E-06,3.547061195
352,19.3451796,0.600742601,0.060941654,0.190175951,0.053471581,0.516574826,6.62E-06,3.754739431
353,19.82370296,0.744016698,0.054825079,0.177317533,0.054747383,0.706964431,1.40E-05,3.540391544
354,19.63768936,0.71784151,0.053884233,0.169933022,0.050648764,0.339062348,1.49E-05,3.055580701
355,19.71462552,0.633644112,0.05913176,0.176095453,0.049618816,0.922096829,1.07E-05,1.303984389
356,20.20587436,0.723771667,0.056250462,0.195330105,0.053613088,0.474477665,7.24E-06,2.735693601
357,19.58320764,0.63247725,0.04329319,0.150304253,0.052227625,0.719158331,2.18E-05,4.259912498
358,19.98443134,0.69310314,0.046356004,0.181624347,0.050159953,0.780085267,9.53E-06,3.153780908
359,18.5606682,0.611885652,0.044063191,0.160019101,0.053153938,0.270098639,1.48E-05,5.711239932
360,18.08837294,0.652355623,0.043472976,0.201852702,0.053003705,0.54765442,1.05E-05,5.570814833
361,18.38584318,0.666059562,0.047081484,0.173275098,0.051444215,0.264010486,1.72E-05,2.03457116
362,17.91423684,0.746003694,0.054219104,0.202466191,0.053681874,0.792976967,8.28E-06,6.132757147
363,18.47786353,0.683432553,0.053175894,0.208767562,0.052338963,0.300280918,2.03E-05,3.76551015
364,20.35762619,0.733069102,0.043750252,0.150735218,0.046027066,0.814066149,1.33E-05,1.731231928
365,19.48650071,0.606302715,0.051507424,0.161427994,0.049957593,0.556736872,8.18E-06,4.123608763
366,17.61200721,0.67798257,0.060069255,0.185858771,0.046137234,0.876655174,9.71E-06,4.447682806
367,17.66163103,0.738595243,0.054624654,0.19536874,0.048968373,0.751860445,1.27E-05,2.113141688
368,20.10970806,0.640839807,0.054315761,0.172518075,0.053931199,0.386578,1.08E-05,5.663377408
369,19.71273187,0.681916289,0.053527826,0.199482991,0.05044181,0.409785624,6.60E-06,4.349398524
370,19.42201077,0.729436189,0.047525434,0.179969126,0.04556741,0.228665794,1.29E-05,5.698750749
371,19.50849719,0.655103411,0.053414693,0.196359278,0.045605405,0.765631113,1.43E-05,4.241746464
372,17.88994277,0.743019685,0.042832813,0.158361294,0.054961294,0.680971975,6.77E-06,1.077973808
373,18.90187877,0.632093143,0.044821689,0.15360039,0.046833461,0.250507837,9.74E-06,3.528556991
374,18.23669593,0.600268577,0.050511105,0.195952278,0.047031296,0.397152197,1.43E-05,3.69534256
375,19.74768002,0.712316346,0.048140353,0.162092396,0.05060094,0.730451304,1.25E-05,2.228144308
376,18.45291736,0.682144518,0.062986627,0.157631696,0.050670639,0.659966717,2.10E-05,2.827366805
377,19.76620023,0.7344717,0.061567472,0.202247648,0.054995138,0.425700686,1.05E-05,2.060025854
378,18.4295203,0.646207808,0.053463628,0.163425666,0.049227072,0.286403497,9.25E-06,5.300062996
379,20.35127848,0.610307503,0.042536456,0.197982008,0.049511426,0.914697853,1.11E-05,3.163381618
380,17.62226143,0.620508918,0.058985046,0.208138069,0.048239552,0.740668763,6.59E-06,4.403665334
381,18.44364343,0.691714402,0.053241817,0.175692817,0.051434854,0.782313734,1.20E-05,4.502184936
382,17.82352746,0.666945011,0.044317496,0.205601943,0.049507426,0.281147706,2.00E-05,2.87177029
383,18.84236316,0.661164296,0.045292699,0.171655804,0.050126645,0.51183275,1.89E-05,5.327772325
384,20.04769068,0.613195934,0.043113744,0.15528256,0.054153528,0.760044866,1.80E-05,6.209188627
385,19.20493175,0.71835686,0.043553608,0.206340011,0.048108285,0.697190376,1.69E-05,1.993892855
386,18.92879762,0.607106267,0.05414971,0.209893841,0.052391011,0.51110702,7.72E-06,3.345959124
387,19.25338088,0.664855174,0.048462819,0.157296635,0.052937978,0.546422208,1.22E-05,1.559183412
388,20.14011529,0.637542992,0.04395622,0.155890059,0.054356412,0.523780567,8.25E-06,6.171122967
389,18.52808065,0.734813279,0.062496251,0.196646919,0.046464433,0.496214111,1.32E-05,3.001290581
390,17.95105544,0.722487804,0.046689093,0.175986253,0.04911075,0.848789588,1.33E-05,3.690399783
391,19.3081073,0.66587671,0.059704767,0.196113778,0.050476976,0.926664484,2.08E-05,1.346156873
392,19.72036713,0.705621112,0.054208038,0.187477889,0.048254001,0.489304863,1.10E-05,5.655518636
393,19.39270621,0.681872657,0.047446617,0.186611902,0.049025803,0.225245822,1.50E-05,4.866405019
394,20.44021764,0.612784529,0.058225007,0.161299277,0.05457498,0.293323466,1.59E-05,4.092617727
395,19.95416288,0.674893938,0.055171123,0.182772677,0.046068991,0.332072316,2.14E-05,5.934379899
396,18.81160637,0.609701021,0.050962138,0.157591928,0.048347748,0.3925408,1.10E-05,3.903488334
397,17.74375731,0.668023373,0.055756638,0.207774153,0.052942391,0.513902161,1.50E-05,1.828708589
398,18.01087109,0.686362106,0.061024545,0.181275003,0.047770132,0.92228854,1.86E-05,3.974682738
399,17.70353813,0.724485752,0.055076721,0.174529931,0.046912612,0.561009701,2.04E-05,3.910707217
400,19.71835714,0.651368433,0.052830041,0.177141346,0.050418687,0.581121395,2.03E-05,1.592498678
401,19.62114898,0.617975925,0.043054307,0.172728215,0.05194749,0.934798955,9.61E-06,5.721748554
402,19.83518311,0.631558914,0.048231162,0.184230853,0.048630937,0.643752981,1.55E-05,5.010941198
403,19.38330222,0.736045254,0.059823157,0.162451806,0.046391395,0.814308406,2.19E-05,5.240065232
404,18.71086265,0.688739864,0.049853006,0.206599266,0.045361024,0.684244823,1.42E-05,5.47261811
405,17.6941237,0.618685225,0.044453037,0.206297447,0.048078574,0.853482521,6.70E-06,4.783750362
406,18.50432459,0.718779543,0.059667732,0.155665296,0.047274145,0.949862435,9.02E-06,5.373217023
407,20.32097631,0.657260935,0.059459183,0.164059666,0.052249505,0.57030684,1.42E-05,2.672252521
408,18.9114598,0.674210991,0.056181861,0.186544641,0.053446629,0.75262302,1.20E-05,4.814258639
409,18.43647887,0.672213959,0.043440596,0.165800808,0.046790834,0.855048383,1.43E-05,3.197451643
410,17.54156388,0.625229955,0.04784615,0.173636269,0.051214058,0.445416036,1.59E-05,1.436255454
411,19.54284835,0.70315151,0.047379752,0.169704266,0.045262324,0.786556115,6.18E-06,2.656453717
412,20.46787404,0.708698176,0.057274071,0.194530813,0.054180779,0.642806554,2.11E-05,5.31613414
413,18.52350688,0.69996848,0.043876635,0.156927131,0.04737707,0.281809514,9.63E-06,1.718476471
414,19.61209166,0.626444014,0.061242916,0.163245049,0.048803162,0.262480619,1.25E-05,1.550180317
415,20.12630514,0.714352645,0.044857175,0.192406732,0.052347153,0.697835517,9.55E-06,4.153879294
416,18.83555318,0.730199543,0.042570723,0.180946397,0.049363611,0.278384792,7.02E-06,1.833180858
417,19.05325608,0.675418935,0.041134828,0.1941254,0.050921534,0.434356209,1.44E-05,2.709384768
418,18.93138278,0.712576464,0.05079657,0.203119605,0.053757519,0.644937635,1.93E-05,5.345946167
419,19.7912742,0.610059439,0.059064974,0.185446192,0.04840593,0.364568824,1.02E-05,6.264131051
420,19.22460784,0.652161911,0.057906571,0.169024432,0.050467681,0.548197639,2.19E-05,5.626666557
421,18.16557724,0.720045452,0.058200578,0.182388711,0.046589278,0.559723511,1.92E-05,5.004647698
422,18.61668413,0.65227339,0.04916825,0.199815815,0.053198999,0.604173228,6.50E-06,2.284734757
423,18.1753461,0.676867254,0.048840922,0.183580956,0.052014936,0.597016847,1.38E-05,4.508530754
424,20.49143822,0.677782835,0.041386448,0.168363457,0.048476062,0.240760537,2.06E-05,2.548749255
425,19.04267972,0.701925403,0.05645972,0.191732415,0.045320121,0.32582876,1.87E-05,4.043989352
426,20.11519187,0.6922575,0.054935714,0.203947397,0.048456354,0.594737126,2.02E-05,6.006440489
427,18.18667645,0.746512253,0.050560912,0.180199023,0.046649269,0.839304177,1.22E-05,5.276813525
428,19.08039571,0.738220032,0.043625224,0.173927512,0.045065727,0.585245359,1.02E-05,5.020494477
429,20.10014298,0.677461986,0.047466392,0.208678455,0.051485088,0.283726079,8.74E-06,5.499824905
430,19.56348321,0.691559106,0.058495745,0.166212464,0.053960311,0.888004885,8.10E-06,3.191573347
431,19.48009542,0.672605858,0.055646311,0.178848517,0.045504536,0.321648134,8.15E-06,1.488250107
432,17.83595636,0.724560224,0.046253853,0.184908988,0.050147194,0.366724187,6.93E-06,1.634193957
433,20.33600723,0.650593099,0.054052151,0.193433669,0.048040585,0.795000876,9.98E-06,6.225933531
434,20.34983586,0.708361393,0.042253092,0.159109372,0.050040295,0.387198003,1.66E-05,2.171118136
435,17.68976381,0.672008952,0.046210669,0.204178754,0.047637659,0.90658187,1.36E-05,5.911230299
436,18.21082048,0.660291522,0.062905808,0.209590016,0.054300672,0.372980154,1.49E-05,5.091113039
437,19.3010974,0.607988851,0.048677628,0.172434025,0.053812117,0.841924129,7.13E-06,3.943442338
438,20.48067158,0.665557333,0.044434082,0.166509308,0.04653166,0.452147479,7.21E-06,2.351370783
439,17.67823496,0.620799302,0.04436712,0.164021775,0.045671029,0.435928486,1.73E-05,2.60229755
440,18.89016544,0.672989079,0.052768153,0.168344302,0.051779383,0.902854369,1.31E-05,3.474957162
441,19.08410158,0.710806476,0.045603057,0.177246366,0.047089654,0.50819333,1.72E-05,6.275861357
442,17.96087306,0.637378146,0.059547704,0.17836102,0.050756028,0.535043001,2.01E-05,4.300596843
443,20.26518882,0.622238253,0.060980512,0.163502526,0.04533632,0.690465174,2.04E-05,2.724637994
444,18.4875788,0.73651113,0.040771166,0.181971762,0.050451132,0.695408256,1.23E-05,5.273090783
445,20.03271432,0.636594207,0.05704722,0.181104558,0.045388658,0.714090654,1.79E-05,3.221298486
446,19.52305095,0.709598236,0.062033802,0.152525672,0.049935462,0.877603715,2.19E-05,2.015991029
447,19.56984518,0.695363307,0.057856159,0.159873126,0.046629515,0.911177618,6.92E-06,2.460674064
448,20.37006822,0.726933242,0.061686786,0.209011527,0.054531369,0.945412931,7.66E-06,5.390914356
449,20.30084755,0.747138414,0.057106321,0.209995311,0.054881601,0.790124297,1.31E-05,4.725142155
450,20.12005305,0.696938238,0.045980563,0.150481213,0.046113934,0.798533641,9.65E-06,2.366067998
451,17.69899096,0.608744215,0.056826767,0.207952841,0.049278889,0.5260428,7.56E-06,1.983249026
452,18.40734541,0.656125286,0.058571625,0.170486292,0.046099984,0.275764321,1.63E-05,5.583964886
453,20.39215534,0.717313398,0.060883966,0.188280592,0.046653156,0.553908538,1.48E-05,1.494984942
454,18.22228263,0.684244938,0.047676988,0.19118732,0.054716511,0.351025825,7.62E-06,2.250599728
455,18.0669575,0.610780143,0.060696564,0.160373733,0.052911646,0.477132353,1.68E-05,3.589447783
456,18.15706727,0.748598252,0.050268532,0.167440036,0.048649823,0.79613212,1.49E-05,5.461063755
457,19.14637687,0.681634894,0.051957031,0.168799465,0.04573396,0.520500709,1.34E-05,6.294063714
458,18.77700121,0.630976663,0.043137904,0.205162463,0.046985862,0.886461286,1.84E-05,2.391209407
459,18.25795422,0.601307427,0.045370074,0.168192548,0.050066084,0.360033183,1.47E-05,6.10232513
460,18.81503652,0.73389544,0.052923431,0.186518634,0.049237804,0.766982614,1.37E-05,5.550615002
461,19.96962368,0.683938855,0.051579529,0.155983293,0.048976952,0.398449978,1.05E-05,2.447525901
462,17.63999495,0.613911398,0.0463054,0.194459629,0.053463813,0.918438295,1.17E-05,3.412757833
463,19.62402358,0.640340664,0.06059098,0.1688918,0.050949156,0.397304094,1.55E-05,3.020058013
464,19.37272901,0.649713084,0.058816646,0.205520468,0.047616262,0.468962789,8.78E-06,1.349750183
465,17.71917516,0.696327558,0.045746047,0.173703411,0.045666441,0.948965941,6.27E-06,4.965727478
466,18.42621003,0.630694663,0.047904461,0.179801052,0.053871901,0.631356113,2.05E-05,5.403983354
467,19.54403071,0.604053597,0.049555088,0.203751012,0.04711901,0.576529168,2.20E-05,2.485933052
468,19.99202272,0.735651432,0.057742704,0.165163455,0.053904116,0.862168542,2.14E-05,5.973507768
469,18.27290999,0.727322911,0.051926205,0.171741455,0.047412322,0.37177514,1.03E-05,3.229236637
470,17.50452402,0.687821831,0.044750105,0.203310348,0.051352996,0.724645165,1.39E-05,1.95611299
471,19.26843708,0.64492381,0.044182962,0.158140083,0.052405202,0.466907332,1.17E-05,4.672045496
472,19.0106423,0.662669398,0.048936652,0.195618578,0.051044007,0.797014235,1.61E-05,3.259597585
473,18.02589357,0.636726816,0.052728393,0.192035336,0.046558935,0.265158054,1.71E-05,2.368415372
474,17.55179981,0.730550287,0.044195319,0.202348708,0.053625211,0.246379097,1.70E-05,4.958277649
475,20.07243698,0.725445812,0.046591153,0.168478474,0.049199671,0.821710167,1.33E-05,3.375662761
476,18.01594395,0.60242063,0.042170773,0.155430036,0.045202166,0.843362436,1.14E-05,2.558637296
477,19.01228718,0.731733543,0.054787966,0.199093995,0.049584577,0.299295042,1.67E-05,1.879464672
478,17.8251797,0.665042841,0.053339064,0.163262603,0.051768727,0.493511502,9.19E-06,1.736324639
479,20.3237806,0.621573265,0.061261003,0.154923313,0.05367937,0.542948876,1.21E-05,3.181083759
480,20.12371522,0.694493192,0.054791922,0.189833325,0.051283606,0.269413345,2.09E-05,1.606941937
481,19.86759776,0.627250926,0.042909464,0.185153682,0.048492844,0.591693864,8.20E-06,1.612533371
482,20.45430324,0.625984388,0.061425931,0.166977157,0.054315667,0.866193414,1.05E-05,3.721635778
483,19.46204568,0.712488742,0.05349994,0.204559975,0.048730105,0.37411734,1.92E-05,6.07583731
484,17.84670963,0.72308625,0.049603056,0.150401685,0.052749565,0.737381528,1.92E-05,3.309681524
485,20.08010332,0.634058088,0.055707052,0.158322448,0.049066444,0.31881891,8.89E-06,4.755686569
486,17.85448283,0.689242326,0.04328293,0.194505646,0.045890223,0.661164056,1.54E-05,1.528906067
487,18.35453288,0.705502243,0.041249136,0.1635703,0.047868957,0.931977908,1.91E-05,4.429786495
488,19.81731966,0.746333911,0.058712003,0.169147056,0.054894378,0.929426087,7.00E-06,2.129897202
489,19.49098766,0.683167526,0.044610803,0.209215491,0.047934793,0.255192026,1.16E-05,3.291650969
490,18.88304966,0.666224661,0.052678985,0.20496537,0.054233855,0.533312125,2.02E-05,1.281752267
491,19.00863547,0.736200095,0.060534281,0.19755433,0.049447507,0.498766683,1.91E-05,4.812304987
492,20.28513137,0.63171452,0.061392358,0.173801063,0.046732944,0.875347773,1.07E-05,2.808057076
493,18.86257831,0.672441382,0.04489509,0.152799521,0.046200351,0.346562041,9.47E-06,1.058681548
494,18.53521851,0.706075557,0.040709215,0.202586563,0.047158177,0.324184435,1.24E-05,3.338918109
495,19.17746812,0.628835927,0.045348181,0.199263998,0.052291435,0.233601434,8.22E-06,5.034987158
496,17.79680812,0.645665941,0.050980648,0.172838854,0.048669045,0.895870092,9.46E-06,4.986858513
497,20.18185915,0.615517291,0.061952865,0.185685216,0.045531841,0.937629935,2.08E-05,1.391914074
498,17.80975767,0.707994169,0.062343594,0.171536074,0.049155411,0.624451569,1.30E-05,6.110904014
499,18.48518249,0.605261105,0.049984251,0.178755543,0.048611822,0.268026821,1.11E-05,2.327962917
500,17.66461183,0.648045815,0.049096906,0.175905249,0.049402533,0.68198269,1.11E-05,4.99333851
501,19.29490114,0.642788837,0.042932187,0.180435311,0.046494935,0.837233194,8.78E-06,5.319370588
502,20.3396119,0.693327526,0.060472664,0.199708353,0.051622077,0.494541232,1.08E-05,1.847218337
503,17.81203413,0.683649995,0.05641928,0.154738978,0.050035302,0.761482815,8.08E-06,1.409239374
504,18.09473488,0.61576621,0.060016847,0.181619496,0.051601151,0.234866206,1.66E-05,5.415284805
505,18.19571926,0.74726772,0.043800111,0.200394874,0.045112616,0.398847193,1.84E-05,4.91209675
506,17.58137995,0.647049192,0.04505623,0.157068742,0.053530762,0.576147128,1.76E-05,3.816901077
507,18.77041427,0.633391538,0.052105544,0.190469124,0.049794341,0.304541075,7.72E-06,2.028272909
508,17.68107211,0.63188265,0.051490563,0.185808599,0.050794389,0.658389441,6.67E-06,2.088088264
509,19.76176328,0.61638349,0.056836865,0.208943818,0.048350257,0.593881279,8.67E-06,3.894342697
510,19.79362482,0.681295006,0.047812375,0.184474101,0.054529248,0.924801964,1.64E-05,4.806728998
511,19.2271031,0.714568761,0.060371582,0.157326415,0.054648411,0.44790225,2.05E-05,4.702308002
512,18.12192416,0.608850239,0.054183521,0.166389936,0.054879109,0.481737911,2.13E-05,4.992273792
513,19.78667737,0.655450104,0.048546569,0.158270156,0.053958059,0.373748297,1.08E-05,2.243574932
514,19.22877939,0.701592562,0.05549078,0.156208745,0.049987044,0.935458342,1.36E-05,3.645946091
515,19.3209319,0.749508629,0.04197531,0.186274831,0.048172517,0.406173281,6.35E-06,1.474427341
516,18.41783211,0.644811196,0.050767245,0.159954312,0.047951208,0.482267352,1.47E-05,1.681325505
517,19.42379453,0.613546975,0.051347005,0.202288424,0.045446443,0.34386898,2.18E-05,6.01315618
518,17.79838193,0.626857439,0.062099491,0.152463017,0.050390904,0.66392648,1.65E-05,3.881520179
519,19.81383255,0.632664177,0.048520069,0.205842612,0.048855354,0.750479379,1.13E-05,4.978116882
520,19.02121473,0.742184303,0.043324548,0.156381088,0.050683585,0.611474822,1.53E-05,6.0175415
521,20.24878464,0.680218724,0.041374289,0.168911266,0.047715539,0.668995832,2.18E-05,5.881711316
522,18.00083365,0.642676662,0.043639616,0.173832684,0.046876735,0.440349004,1.04E-05,1.328342429
523,19.07365185,0.649598297,0.051657396,0.206828079,0.045033834,0.586972047,1.21E-05,4.906469582
524,18.38287165,0.623645212,0.051197203,0.172613768,0.04754993,0.24488598,1.57E-05,3.261893458
525,18.05907565,0.702203518,0.046652631,0.195766261,0.049132084,0.47971636,1.73E-05,3.517484043
526,20.0247297,0.631232892,0.058086526,0.157905801,0.054005954,0.928683804,9.15E-06,3.837967606
527,19.58862592,0.654452315,0.062265482,0.176191614,0.04514508,0.708211105,1.64E-05,4.945766239
528,19.21361515,0.739185494,0.061782645,0.18402422,0.052441279,0.584126851,2.15E-05,6.217949617
529,19.38428928,0.667089164,0.051203528,0.165633966,0.05371566,0.677587395,1.70E-05,2.795672107
530,19.43745457,0.645519956,0.040495397,0.19085104,0.048559319,0.389399319,1.11E-05,1.625190644
531,19.8101241,0.662724964,0.059516134,0.183943946,0.046963083,0.206895627,1.89E-05,3.737993323
532,20.06419914,0.692677369,0.042482801,0.187558108,0.046768416,0.253162238,2.17E-05,2.294337389
533,19.80030842,0.641119247,0.043358956,0.195249703,0.048864702,0.879716939,2.01E-05,6.190366759
534,18.14635584,0.601989124,0.053192227,0.190008957,0.04901841,0.874769161,9.11E-06,2.095327907
535,18.62236151,0.662866887,0.045967726,0.162514805,0.052495883,0.736804335,1.10E-05,5.382928021
536,17.65682942,0.630359106,0.044553082,0.172022221,0.054249972,0.378553372,1.88E-05,1.931921421
537,19.89712762,0.676235881,0.053265481,0.181053366,0.050871234,0.441566943,1.57E-05,1.672984667
538,18.89640447,0.749167008,0.060110504,0.202628839,0.047766581,0.618441866,1.04E-05,6.214820973
539,17.85718802,0.701148887,0.040563131,0.155704914,0.046724542,0.811483173,9.81E-06,4.952810637
540,18.87195446,0.731893414,0.040663418,0.18801278,0.045047238,0.50058051,1.03E-05,5.443446792
541,19.50670371,0.674543557,0.057769572,0.196051976,0.053328652,0.329814557,1.33E-05,4.166061474
542,17.94329632,0.738119352,0.051085948,0.20929184,0.049884081,0.690865244,8.62E-06,4.487520943
543,18.01942252,0.671946547,0.044081607,0.199927377,0.049818175,0.510347792,1.56E-05,4.900441652
544,19.12845159,0.714838417,0.041418815,0.152951294,0.047012614,0.830730141,2.18E-05,2.301473135
545,18.37642276,0.673597589,0.042106857,0.175641572,0.045789776,0.383904359,6.64E-06,2.604197732
546,20.42671641,0.635981463,0.053011137,0.170720641,0.049848546,0.430667966,8.87E-06,3.21494324
547,19.84768289,0.727461353,0.058677935,0.153913542,0.053419357,0.493094991,1.56E-05,4.265464384
548,19.53941704,0.729611517,0.048655477,0.18255289,0.046604629,0.402228683,9.48E-06,2.812698231
549,18.1445015,0.603115925,0.057148638,0.191571957,0.05265578,0.541207771,2.00E-05,6.080067554
550,18.16198422,0.632994876,0.047002342,0.192584224,0.047807926,0.890694608,1.44E-05,3.118599723
551,17.63641716,0.697852329,0.057811361,0.1852268,0.046561889,0.340360044,9.77E-06,1.11700975
552,20.45795505,0.71590979,0.060815636,0.175799683,0.045025171,0.717592546,7.28E-06,2.847290635
553,20.20999918,0.628557371,0.057357516,0.194660771,0.054797129,0.593628691,1.06E-05,2.803277857
554,20.47898469,0.73940144,0.056398318,0.170228914,0.052157101,0.667734894,1.94E-05,1.297188359
555,20.42851917,0.676611839,0.051336922,0.195509808,0.053392083,0.258163409,1.66E-05,5.058746586
556,18.16740388,0.679998556,0.04704873,0.173186112,0.047849801,0.257183665,1.14E-05,1.841472238
557,17.51448432,0.701508721,0.045112204,0.152209055,0.050563077,0.613553114,9.37E-06,3.467309832
558,19.59955036,0.678726844,0.05141247,0.161049298,0.053922397,0.920292764,2.16E-05,4.19288859
559,17.86102444,0.675855556,0.047499894,0.182019649,0.049165864,0.302541009,1.28E-05,3.11466881
560,20.21679382,0.643983367,0.054501297,0.197279224,0.053126999,0.376473244,2.03E-05,3.440414784
561,17.68503435,0.725187155,0.050554204,0.159660765,0.052980504,0.291059728,8.43E-06,2.237498828
562,19.63990118,0.666641473,0.050715979,0.190948916,0.051253249,0.475147113,7.11E-06,6.140939699
563,19.1818632,0.661232761,0.047162567,0.161676648,0.048332669,0.758407192,7.64E-06,2.568190052
564,19.60810805,0.623451235,0.054984324,0.159156228,0.053375151,0.744250071,7.78E-06,1.148162552
565,20.23642015,0.646382745,0.061532636,0.150651162,0.048793382,0.84761998,1.85E-05,3.331381044
566,20.17601776,0.722323301,0.048377022,0.187232014,0.046220767,0.271005023,1.03E-05,2.163374145
567,19.6742108,0.716340522,0.045144785,0.150551165,0.045979069,0.431427094,1.60E-05,2.224671354
568,20.15172015,0.614552991,0.046267652,0.163186647,0.045527773,0.210264558,1.46E-05,4.537336509
569,20.07423851,0.653960893,0.047476493,0.151463649,0.04881901,0.587261026,7.36E-06,3.487256439
570,19.32934169,0.674032435,0.055581142,0.176826713,0.049912737,0.32759835,1.36E-05,1.481217255
571,18.31024753,0.698958184,0.050946618,0.170640484,0.045232844,0.570511714,2.17E-05,4.57077498
572,19.57249277,0.643273729,0.043244948,0.166109286,0.049264896,0.451913203,1.00E-05,3.743932766
573,19.49313995,0.673937673,0.049180545,0.166864334,0.053886177,0.468053988,1.36E-05,4.211411556
574,19.24615438,0.688871891,0.040792123,0.160783157,0.047247618,0.698130618,2.18E-05,2.642793052
575,18.88273816,0.723975475,0.040627805,0.151739594,0.054677654,0.864866583,1.13E-05,5.9155152
576,18.94137257,0.729146068,0.052542478,0.162682635,0.045010561,0.689177009,1.68E-05,3.592477253
577,17.51852413,0.67133509,0.050037069,0.166007065,0.052123958,0.596749415,1.83E-05,3.873316732
578,20.44319064,0.7006009,0.044343024,0.209489741,0.049632896,0.889722215,1.62E-05,5.506361262
579,18.95020658,0.682917003,0.045242897,0.15781249,0.05154417,0.331172127,7.82E-06,3.993450699
580,20.28963655,0.73839743,0.042317165,0.177024996,0.051740736,0.679477548,2.11E-05,1.813495141
581,19.45708561,0.631065063,0.040605598,0.154866589,0.054321375,0.735834111,1.14E-05,4.707858448
582,18.02218292,0.717589447,0.048038824,0.192668763,0.049285727,0.541385024,1.04E-05,2.175438561
583,17.92442245,0.676737728,0.044391678,0.171848077,0.053776582,0.732581712,1.78E-05,2.843059562
584,19.39580539,0.748736194,0.05771603,0.207458665,0.047366175,0.639716026,1.76E-05,3.248614735
585,19.70805561,0.703218189,0.060793916,0.200014003,0.050280443,0.223268458,1.53E-05,1.598075424
586,17.8791475,0.671082611,0.046566355,0.204012289,0.050540195,0.413257367,9.09E-06,2.618210366
587,19.80364403,0.654934796,0.053661953,0.189919219,0.048243187,0.381084107,9.08E-06,1.431141098
588,18.59634666,0.659319463,0.046049532,0.192209866,0.049482853,0.917439473,6.22E-06,4.408184913
589,19.04749994,0.616192924,0.055108015,0.192102095,0.051681928,0.598271249,2.13E-05,4.274400144
590,20.44687709,0.726340109,0.050848969,0.178529841,0.048776332,0.720113641,2.15E-05,5.377541122
591,18.26618561,0.712856598,0.045695434,0.181174805,0.048600651,0.572670168,1.29E-05,2.725283125
592,18.67656749,0.658595948,0.05744618,0.17138963,0.053529968,0.503033073,1.48E-05,4.023403229
593,17.92258591,0.604581688,0.052979572,0.198877828,0.051159402,0.563214329,1.41E-05,1.070905169
594,19.91057546,0.635052608,0.051266783,0.179913443,0.047093426,0.450878803,1.60E-05,1.423068279
595,19.63565783,0.688614713,0.044146312,0.200686621,0.053505673,0.34216644,7.95E-06,4.058073408
596,18.99233263,0.645212803,0.04086032,0.19123449,0.050294107,0.852843776,1.33E-05,6.129874114
597,19.1661203,0.615957517,0.058968849,0.196383141,0.049055026,0.778010691,1.99E-05,5.818226441
598,18.33884392,0.639130407,0.06114169,0.192470553,0.052131217,0.518035374,1.97E-05,5.187068327
599,18.4232547,0.6011179,0.041187418,0.155769495,0.048549523,0.472369765,1.74E-05,3.494992597
600,19.29802727,0.61099601,0.05368628,0.16991333,0.047911065,0.757526771,1.79E-05,2.628566898
601,18.43323853,0.602583664,0.058146986,0.203777654,0.048272049,0.416368929,7.80E-06,2.002352966
602,18.33327316,0.654230204,0.057933094,0.203213514,0.054264081,0.465291958,1.09E-05,1.996166998
603,20.00403378,0.733420582,0.041270216,0.209040816,0.050052935,0.380719128,1.04E-05,4.147486624
604,19.00200042,0.720391596,0.055326394,0.166453732,0.050963362,0.274920592,8.56E-06,5.524179723
605,19.69160862,0.652008398,0.040048668,0.154160371,0.045052661,0.385020183,1.47E-05,3.623948526
606,18.13245863,0.679896481,0.047609171,0.186810894,0.047563162,0.579211371,1.53E-05,3.85450202
607,18.62758639,0.737901754,0.049710866,0.184949974,0.051722956,0.336887969,1.31E-05,4.117220651
608,17.7910535,0.64935222,0.054071257,0.193819576,0.04521804,0.837814568,2.13E-05,2.387068091
609,17.60600324,0.742309944,0.056905904,0.170562974,0.05455825,0.737962184,1.18E-05,3.804954011
610,19.66996902,0.614883836,0.040006836,0.179538716,0.049926131,0.560043975,2.08E-05,4.46106458
611,19.59297192,0.703700461,0.056757594,0.207229823,0.054853565,0.939843597,1.31E-05,3.937051599
612,18.9384587,0.656477685,0.056103737,0.16937098,0.053599802,0.314961074,1.45E-05,1.139613019
613,20.34647526,0.639917563,0.049296038,0.158184586,0.051209196,0.628358708,1.90E-05,2.488702777
614,19.51679916,0.725658041,0.052297521,0.184712945,0.048520973,0.588390767,2.14E-05,5.211557659
615,20.49404206,0.615122884,0.061516619,0.172497399,0.052847209,0.328722982,1.69E-05,1.53908082
616,20.32976864,0.673264948,0.054256068,0.178042379,0.050380327,0.66673668,1.38E-05,3.341618235
617,17.83749303,0.653834174,0.045841185,0.201497432,0.045958617,0.78865045,1.05E-05,5.169540368
618,17.71424997,0.695128877,0.045712734,0.190110065,0.051290861,0.924421902,1.77E-05,3.181782419
619,20.10320691,0.655883332,0.051679985,0.20739796,0.050375389,0.741616277,1.26E-05,2.915272791
620,17.77671056,0.730965893,0.045558909,0.184119923,0.050117262,0.692997085,6.85E-06,3.759661907
621,18.09858001,0.639536094,0.04051007,0.180803358,0.053453723,0.506563144,8.55E-06,3.862440704
622,19.15297678,0.689707258,0.047250344,0.189041966,0.046998187,0.824389839,2.12E-05,3.730307328
623,20.35983415,0.614009048,0.044653281,0.198611542,0.052194962,0.605389749,1.58E-05,4.104241633
624,17.59739655,0.633030186,0.051234951,0.160862478,0.050880444,0.355026866,1.65E-05,4.971084729
625,18.74301428,0.736463922,0.043228028,0.164548558,0.049219765,0.780775649,1.75E-05,4.933887468
626,18.00584626,0.737738954,0.049317595,0.175425808,0.051696731,0.420622257,9.37E-06,5.518421058
627,18.64164921,0.701398703,0.059935145,0.160059471,0.045399586,0.711738941,1.64E-05,5.963028807
628,18.08524642,0.647986773,0.061879661,0.19177198,0.045592017,0.738981998,8.41E-06,4.317976437
629,18.71443219,0.734213604,0.055821216,0.1884967,0.053066641,0.763194115,8.39E-06,4.012660711
630,17.65556749,0.726744655,0.055993756,0.199331473,0.049524595,0.485747673,1.14E-05,5.917877803
631,19.13425715,0.730027138,0.048917258,0.153061358,0.046978345,0.775327988,1.81E-05,1.328129521
632,18.72189728,0.616233613,0.050374404,0.197490198,0.053147631,0.347355375,2.07E-05,2.433556814
633,20.1961557,0.61110922,0.046017647,0.209645699,0.049878981,0.316598656,1.29E-05,1.888257965
634,19.35850819,0.6859968,0.059794831,0.173096628,0.045643523,0.749565983,7.70E-06,2.959374746
635,20.29533185,0.669741257,0.05041664,0.178315345,0.053246148,0.390951355,9.23E-06,2.412197447
636,18.72585971,0.704563234,0.059852974,0.202433376,0.045858882,0.948489308,1.67E-05,4.221319669
637,18.55298614,0.740704767,0.043822896,0.165235465,0.05331382,0.49038967,7.96E-06,6.1642563
638,18.28717401,0.733334211,0.057190032,0.19907113,0.047490264,0.760863332,1.09E-05,3.126094196
639,18.96768471,0.619573475,0.046853906,0.189409487,0.053731136,0.726431093,1.98E-05,6.090866515
640,18.78049405,0.739579912,0.049820344,0.184403841,0.050514239,0.720597298,1.48E-05,4.825954035
641,17.51087602,0.740501466,0.055602435,0.153361966,0.048560378,0.296620196,9.33E-06,4.68041041
642,18.90448267,0.726020502,0.056882916,0.192153014,0.054449178,0.305151409,8.00E-06,3.948771517
643,19.20321357,0.614386057,0.040989029,0.193221766,0.054011851,0.657715644,1.17E-05,5.17786078
644,17.64862057,0.708287611,0.059072094,0.183499217,0.048519079,0.313273531,1.15E-05,6.242173229
645,18.49114428,0.698391148,0.044850827,0.17097633,0.051666279,0.73929341,2.07E-05,4.917540998
646,20.08344532,0.678789968,0.050434712,0.15165393,0.045877986,0.245597416,1.82E-05,5.749985695
647,17.95542997,0.620550422,0.045485357,0.161838966,0.052971872,0.907891109,7.19E-06,1.580112495
648,17.70958705,0.746162215,0.047027508,0.180966255,0.048597333,0.655586052,1.28E-05,1.227535463
649,20.18217363,0.716212713,0.054891367,0.164261193,0.050097437,0.644352216,1.85E-05,3.503667091
650,17.67492635,0.711712392,0.061844189,0.161030413,0.049786493,0.827949258,1.61E-05,4.60774855
651,17.78927466,0.642535704,0.041727247,0.198810384,0.0541241,0.20006308,1.34E-05,1.60137479
652,18.8687161,0.721340088,0.043937703,0.176982505,0.05209178,0.457096055,9.83E-06,3.141435603
653,17.82928284,0.686158587,0.053517199,0.20757727,0.047168956,0.319529042,1.25E-05,2.929463962
654,20.34128451,0.678197772,0.06030118,0.1848399,0.046946288,0.812612342,2.12E-05,5.287906646
655,20.09709574,0.615249336,0.049941097,0.155086703,0.049641434,0.37804952,1.39E-05,2.867219034
656,19.19078516,0.688018214,0.051036112,0.172358829,0.050618307,0.761790611,7.55E-06,2.694846422
657,18.11037618,0.677631151,0.047941946,0.193683068,0.052510871,0.885375693,1.10E-05,4.326950308
658,19.2630121,0.609255628,0.053084339,0.20836395,0.050497457,0.363906211,1.01E-05,1.588947557
659,20.2408183,0.604233598,0.060431151,0.184366633,0.047251645,0.597908614,6.68E-06,5.131093223
660,18.99079039,0.743788879,0.0420484,0.165379417,0.054806944,0.310526531,2.06E-05,4.6359608
661,19.73652017,0.732158007,0.043794464,0.168532277,0.045610577,0.636886315,6.71E-06,2.209041163
662,17.57709528,0.685179858,0.056686808,0.206034607,0.045811771,0.267489657,6.95E-06,2.423021397
663,19.53679153,0.683777499,0.057011452,0.154340606,0.052008796,0.666325934,1.75E-05,2.621052862
664,19.88786914,0.696231015,0.054845553,0.164843223,0.048087326,0.569652233,1.46E-05,1.709977883
665,19.73055926,0.741371985,0.05152424,0.205657118,0.048620565,0.692113163,1.29E-05,2.513105866
666,17.89746656,0.607202291,0.054657682,0.159412705,0.046683724,0.228437676,1.30E-05,2.472734869
667,17.57477901,0.738659466,0.056047046,0.193876791,0.051196644,0.711394954,1.27E-05,5.205191558
668,17.63084418,0.652581547,0.04963182,0.198374817,0.046591673,0.244226229,1.52E-05,4.23407383
669,17.54397069,0.745625512,0.061438807,0.153689377,0.053692076,0.568715212,9.68E-06,4.021369039
670,18.32640784,0.611402671,0.05127872,0.176589975,0.049205091,0.702301508,1.12E-05,5.049498435
671,18.38989515,0.699183531,0.050064037,0.151794225,0.053701495,0.686345027,1.12E-05,4.371091422
672,18.39934495,0.693194909,0.049541817,0.162847487,0.049737396,0.844244858,1.18E-05,5.837433936
673,20.0350081,0.739345242,0.040823658,0.208563836,0.04628355,0.483863622,1.07E-05,1.797474011
674,19.88264591,0.656711658,0.040463283,0.167870316,0.045725771,0.549659305,1.33E-05,3.738988325
675,18.04704508,0.675920978,0.043486655,0.175544463,0.052164956,0.208148787,1.09E-05,6.021964201
676,18.79116988,0.666757929,0.05476129,0.183054499,0.045464488,0.902011391,7.22E-06,1.746264947
677,18.17337383,0.601857947,0.05288854,0.180173012,0.049499931,0.520113116,8.85E-06,5.22929448
678,19.19775812,0.694208386,0.055921679,0.166825417,0.046174638,0.527651704,7.46E-06,3.674072965
679,18.56385351,0.709373896,0.049889792,0.198776754,0.048754773,0.860040996,6.84E-06,5.74415457
680,19.20715431,0.719594204,0.058585965,0.194083814,0.048659364,0.462368703,1.81E-05,3.786069493
681,17.97102818,0.653041118,0.056663432,0.208389439,0.047479399,0.5735766,8.00E-06,3.669714461
682,20.488267,0.65289401,0.061185479,0.15801335,0.049417235,0.79352527,8.52E-06,2.145498469
683,19.29266407,0.733737976,0.045028587,0.169139519,0.046822752,0.882795657,1.82E-05,2.105173646
684,17.52673463,0.600309674,0.04237163,0.158674011,0.048039788,0.634050765,1.32E-05,2.974455412
685,20.01188277,0.72532151,0.05817798,0.158981707,0.047102723,0.753477966,1.54E-05,1.665042392
686,18.978238,0.668870982,0.041489926,0.20606248,0.05211299,0.551833461,1.54E-05,1.62216837
687,17.99598126,0.660987327,0.052225686,0.171597481,0.047122146,0.309427648,1.15E-05,3.923557552
688,18.45783155,0.608677689,0.049789643,0.157958787,0.045922971,0.321430788,1.73E-05,1.259727899
689,18.52956985,0.661876488,0.050163615,0.19429695,0.050864711,0.365060345,2.01E-05,1.360920703
690,18.86614456,0.711331245,0.055447444,0.17198794,0.047586948,0.864362199,6.74E-06,5.760796424
691,18.85371791,0.669480253,0.040531439,0.201832724,0.052032848,0.390025364,1.38E-05,4.833366367
692,20.31532811,0.604374285,0.060717429,0.15382704,0.052570749,0.344346208,1.61E-05,5.094949289
693,18.11919046,0.745117364,0.049763231,0.187099383,0.046012392,0.50230615,2.15E-05,2.77049
694,19.24078662,0.710326988,0.042261481,0.200520483,0.051561494,0.437873744,8.10E-06,1.387743539
695,19.81982768,0.651703261,0.062152353,0.186007635,0.054734349,0.823505624,1.38E-05,2.910522866
696,19.14200259,0.668399311,0.047653574,0.186750514,0.04704684,0.813405195,2.08E-05,5.123359915
697,19.40887987,0.746812033,0.045420587,0.186095877,0.054131294,0.623706347,1.23E-05,4.376787726
698,17.74172927,0.726531637,0.054347933,0.186128967,0.047512498,0.763455411,9.75E-06,5.740049067
699,17.78121168,0.667873386,0.040980024,0.150970467,0.04582081,0.557490776,2.09E-05,4.898105408
700,19.50066417,0.644676008,0.060394292,0.172170466,0.04787433,0.947739407,1.62E-05,5.032541813
701,18.29034065,0.663639261,0.040387002,0.183871556,0.046149134,0.216058423,1.14E-05,4.799410399
702,18.0716799,0.647450835,0.058894885,0.208873858,0.047175082,0.532781168,6.52E-06,2.106691356
703,18.29389493,0.633544829,0.048364144,0.185587101,0.05269754,0.484510464,1.24E-05,1.872340929
704,19.55893433,0.616849863,0.049687793,0.181360222,0.045188806,0.588823868,1.37E-05,5.737113373
705,18.07683627,0.721625415,0.058515723,0.192631842,0.050854508,0.773190827,1.83E-05,1.082196574
706,19.9510121,0.68499157,0.042709405,0.174921261,0.050183246,0.792208755,7.74E-06,2.662062923
707,19.57527261,0.700932974,0.043532722,0.151924925,0.052189049,0.27976856,2.11E-05,3.460876498
708,20.42425198,0.671495976,0.054643859,0.178620933,0.051915331,0.317061459,8.34E-06,3.631474741
709,18.97027199,0.721431915,0.045437301,0.201140125,0.050987951,0.383709165,8.95E-06,1.135521873
710,19.79524575,0.678374639,0.057876851,0.174756034,0.053164405,0.284351011,2.03E-05,3.597589739
711,18.24049863,0.602366604,0.044239534,0.191937724,0.053023186,0.400633018,2.04E-05,2.151451623
712,19.18645097,0.716448446,0.049356859,0.175031689,0.049578445,0.235534302,2.04E-05,3.316908597
713,18.46572655,0.674614339,0.052455214,0.165859118,0.052217485,0.523226623,1.91E-05,1.800909717
714,19.21264598,0.605236869,0.043417448,0.17841484,0.050729632,0.551272759,1.46E-05,4.659666689
715,20.16621782,0.644181921,0.048979178,0.189664488,0.047664616,0.614627466,1.79E-05,6.16019792
716,19.68369321,0.73511381,0.057210957,0.152152072,0.045122903,0.455139916,1.70E-05,4.544577903
717,17.59027531,0.677390436,0.040890267,0.173331054,0.053078654,0.897938281,1.70E-05,5.949140506
718,19.72796973,0.697473751,0.044131897,0.192253188,0.051370116,0.881829846,1.51E-05,1.276477216
719,18.37171962,0.709936351,0.054455728,0.199902785,0.052311268,0.919411565,1.42E-05,2.890468328
720,20.41499639,0.723374231,0.047556316,0.174009142,0.049675816,0.58012588,1.93E-05,2.191803023
721,19.32686246,0.736795689,0.062305026,0.188707184,0.049661686,0.395606999,1.89E-05,1.777358312
722,18.68394664,0.698023782,0.05597944,0.156681678,0.045518064,0.524935479,1.08E-05,5.61381075
723,19.62902782,0.711057952,0.056806738,0.183205656,0.054549249,0.515449697,1.81E-05,4.040551482
724,18.89473977,0.695760154,0.059390097,0.208811849,0.047756181,0.613050691,9.42E-06,4.112292071
725,19.43391895,0.678488519,0.040679927,0.18038742,0.047705417,0.748313523,2.02E-05,6.24874946
726,19.97202764,0.670654267,0.051399208,0.157407689,0.048678741,0.471942483,1.99E-05,1.421439593
727,20.24459725,0.6473383,0.050182563,0.156886696,0.046002199,0.789301307,2.07E-05,4.873782309
728,18.43240375,0.706266641,0.052149051,0.191478255,0.046251629,0.747938939,1.88E-05,5.566875335
729,18.69009253,0.651466007,0.057628957,0.163367992,0.045349826,0.459774197,1.12E-05,3.615393664
730,19.98967459,0.64440661,0.05185016,0.157516929,0.04909072,0.407807307,2.05E-05,6.038281903
731,18.51635684,0.640779881,0.048866773,0.170073023,0.053631396,0.87384846,1.13E-05,1.947724668
732,18.91540488,0.654698168,0.049412664,0.152355244,0.052761744,0.807613024,2.07E-05,1.75711769
733,18.09298798,0.623962728,0.045104657,0.185924396,0.045431099,0.665730472,1.45E-05,3.267765774
734,18.28568191,0.702015414,0.040204608,0.150169699,0.04822359,0.82632942,2.04E-05,3.864668248
735,18.93658863,0.634842862,0.062598921,0.161110008,0.053741062,0.892124329,1.08E-05,1.694838074
736,18.13342901,0.699380839,0.042950167,0.197043287,0.052253663,0.804207037,1.59E-05,2.65656862
737,18.65338983,0.656267811,0.059208015,0.205368957,0.049808008,0.590375395,8.66E-06,1.289046853
738,18.81919948,0.640434678,0.055941862,0.189486347,0.051789451,0.89714157,1.31E-05,2.819611995
739,19.72432086,0.682415571,0.061621184,0.154633616,0.048287485,0.301499394,1.75E-05,4.589510869
740,18.29984936,0.696675663,0.043734315,0.200407138,0.053850949,0.217000547,1.20E-05,1.90659892
741,18.64975247,0.607810333,0.051468542,0.154857477,0.045169672,0.501388183,1.99E-05,1.958800637
742,17.60328122,0.749619447,0.058673002,0.170146195,0.051396413,0.443702636,1.26E-05,2.038544371
743,18.18070423,0.633239231,0.055299126,0.174713871,0.049833009,0.794711999,1.28E-05,4.656247569
744,19.38862431,0.602239182,0.053442281,0.189729388,0.049908884,0.746122372,1.97E-05,6.148859312
745,19.82996077,0.668217741,0.061493458,0.194749428,0.045481119,0.718270134,1.39E-05,1.401538747
746,18.56660935,0.689591404,0.053915291,0.160927286,0.052584636,0.405467303,9.29E-06,1.198237921
747,18.99773542,0.609081343,0.058940903,0.156341173,0.048884003,0.606808667,8.23E-06,5.45949637
748,19.86491992,0.695861218,0.059258508,0.193449892,0.050525477,0.891279087,8.58E-06,3.251135341
749,20.16014157,0.741859452,0.055543126,0.203424316,0.046083154,0.539141544,7.15E-06,3.350009323
750,18.18725488,0.643544914,0.059202912,0.15088107,0.054470214,0.728134433,1.59E-05,4.69569087
751,20.395079,0.612745108,0.050884158,0.162806328,0.048532748,0.408581773,1.21E-05,5.237574697
752,18.58307047,0.720566973,0.04761346,0.191849694,0.054918235,0.650611378,1.16E-05,5.628031924
753,17.84375186,0.629712728,0.042646727,0.156473386,0.054655988,0.713578222,6.24E-06,2.919094748
754,19.21696921,0.628720039,0.052642897,0.163900366,0.04510762,0.210690209,9.51E-06,2.961671593
755,19.10024711,0.624357947,0.056880022,0.197731568,0.05325444,0.729629425,1.61E-05,4.643249984
756,19.15724757,0.685938311,0.05665047,0.209397901,0.050761722,0.88040667,1.97E-05,5.025677159
757,18.90083356,0.697647713,0.056593847,0.176295619,0.051898324,0.461456268,8.71E-06,2.188409773
758,20.27681085,0.704518265,0.055865934,0.152938736,0.050831158,0.696239836,1.56E-05,6.044685233
759,19.6311081,0.68532752,0.05924263,0.203039718,0.051497514,0.661492212,1.02E-05,3.436074533
760,17.76636408,0.684584623,0.055467053,0.156614596,0.045583547,0.759266564,1.62E-05,2.68694991
761,19.44535267,0.735758693,0.055023427,0.165580161,0.053516034,0.212276872,2.02E-05,5.666932922
762,19.78115392,0.71769313,0.060747182,0.195554488,0.049346172,0.547047955,1.58E-05,1.630846279
763,20.0584404,0.718987183,0.059577693,0.151404415,0.052289313,0.774609126,2.16E-05,1.241359805
764,18.37398286,0.605906191,0.049030959,0.182406843,0.052028287,0.898922647,1.10E-05,4.083409241
765,19.69592348,0.734643749,0.056541648,0.203625338,0.047975341,0.423374407,1.14E-05,3.36176713
766,19.27912072,0.627714303,0.044019604,0.197418934,0.049729332,0.914896094,1.32E-05,4.45528446
767,17.86562487,0.619301256,0.056772223,0.169018596,0.051263725,0.55063923,1.44E-05,1.568416702
768,18.78215333,0.700495434,0.061705175,0.153970764,0.052550522,0.722117472,1.93E-05,4.553636357
769,18.23179158,0.722746798,0.050133058,0.164699628,0.047946631,0.370560213,9.91E-06,5.334704322
770,18.19737274,0.699809639,0.050860713,0.176727514,0.05475241,0.608098973,1.26E-05,2.0652534
771,17.78349345,0.622592568,0.061644427,0.164958199,0.048328602,0.913019025,1.10E-05,2.539069502
772,18.53478942,0.669918945,0.045642215,0.169559945,0.053897581,0.552595981,1.75E-05,5.111264162
773,17.54759155,0.728026032,0.051314739,0.182254757,0.046713731,0.927678419,1.83E-05,1.295504162
774,18.75135571,0.705942273,0.052804303,0.153051264,0.046303838,0.573375553,1.80E-05,3.322467709
775,18.26430811,0.602905807,0.056737821,0.2071581,0.050229891,0.913572562,9.88E-06,4.762985979
776,18.83444374,0.707193334,0.061821405,0.177502407,0.046934583,0.673966445,2.06E-05,2.877549557
777,19.85055778,0.639616362,0.052094487,0.151143609,0.050008239,0.716985291,6.47E-06,2.63900321
778,19.15554422,0.659890682,0.059663617,0.19026484,0.051409283,0.867948696,1.27E-05,6.178952482
779,19.55453246,0.650403439,0.06108086,0.186875602,0.046893917,0.607539181,8.75E-06,3.899670177
780,19.80478616,0.647244756,0.049580258,0.182307028,0.053262353,0.45489642,1.98E-05,1.189388257
781,18.33036376,0.643176968,0.062762435,0.194917441,0.054027406,0.369148642,1.62E-05,5.400710023
782,18.82790425,0.699729978,0.058242266,0.20846548,0.052802395,0.774394304,1.41E-05,4.602989835
783,19.54661437,0.703918463,0.048414807,0.178973382,0.045800604,0.453742744,1.51E-05,6.197657868
784,20.37515323,0.606786559,0.051445597,0.188789615,0.048394113,0.42849737,1.24E-05,3.510106845
785,18.34473897,0.741972736,0.0600006,0.178114352,0.050347523,0.668509797,1.74E-05,2.019787564
786,19.57673467,0.633894985,0.061356544,0.203231693,0.052560561,0.306528984,1.71E-05,3.100862407
787,17.75134366,0.730909777,0.055385644,0.1526274,0.048312415,0.230289245,9.95E-06,3.239212941
788,20.06742298,0.612544376,0.053826291,0.162958105,0.051832947,0.343038231,1.34E-05,2.546122657
789,18.72832106,0.646542705,0.047301162,0.18333971,0.05386849,0.836560139,2.17E-05,4.216682164
790,18.00849788,0.617468949,0.042422122,0.160644228,0.054172295,0.856081697,1.30E-05,3.424383948
791,17.61831824,0.635282155,0.04072317,0.179358466,0.045171727,0.835185129,8.64E-06,4.664355238
792,17.70458117,0.616595161,0.056058142,0.177370697,0.049128994,0.609887189,2.14E-05,4.623931188
793,18.61197705,0.69069948,0.053628517,0.179233787,0.045494479,0.67612899,2.17E-05,4.771343555
794,18.44184529,0.651832049,0.040830261,0.150281601,0.052470761,0.489912785,7.52E-06,3.557450592
795,17.5270026,0.620940285,0.046953817,0.165447548,0.051234631,0.845243255,1.83E-05,6.182091788
796,18.53830416,0.603217111,0.040086639,0.154026199,0.052865542,0.446656592,1.21E-05,5.979625599
797,18.51318706,0.658356852,0.056370221,0.160131865,0.048114985,0.641607246,1.65E-05,4.051425899
798,19.06599518,0.691307412,0.056943946,0.190864331,0.049243585,0.900442935,1.19E-05,5.640404735
799,18.8020008,0.60987999,0.048485067,0.185193159,0.050018905,0.34161322,6.17E-06,5.483386904
800,18.73997466,0.706690775,0.051820525,0.15067667,0.047795274,0.417513298,6.20E-06,2.717295278
801,19.11899585,0.73272738,0.062147095,0.190647255,0.052538031,0.355508111,1.18E-05,6.252977738
802,20.35443088,0.659208903,0.058318664,0.151993508,0.048386815,0.425992853,8.06E-06,1.340833868
803,18.21393582,0.717183245,0.047582664,0.15878414,0.049329799,0.337575962,1.82E-05,5.25633661
804,20.37217771,0.616701313,0.062491472,0.204063734,0.049823198,0.912314192,1.80E-05,3.806476086
805,18.87564534,0.711795458,0.0552449,0.16175067,0.051704764,0.62066633,1.01E-05,3.456714005
806,19.33392244,0.646938092,0.052004802,0.155628356,0.052088324,0.703268003,2.16E-05,5.517631638
807,18.79554331,0.747939817,0.041337824,0.205768357,0.051222023,0.491837657,1.22E-05,3.498008255
808,19.35008728,0.707563391,0.051732973,0.170354299,0.053577566,0.810595387,1.62E-05,5.408117065
809,19.5207985,0.650240433,0.062204776,0.206747088,0.045257721,0.439069954,6.89E-06,1.272445549
810,20.401976,0.60653645,0.044508532,0.204193206,0.046505204,0.295205298,1.03E-05,5.797393573
811,20.25700703,0.693759753,0.041516484,0.15264718,0.053291961,0.260543737,1.18E-05,1.36535266
812,18.24452777,0.7242496,0.045776343,0.160454482,0.046039612,0.863103101,9.31E-06,5.1355451
813,17.96310418,0.704206273,0.051610744,0.1666631,0.047812028,0.851063605,1.13E-05,3.027606427
814,17.87227596,0.706461915,0.05803553,0.18811765,0.054198123,0.351835635,9.60E-06,2.161915979
815,18.52195743,0.719274078,0.046799895,0.180708897,0.048297484,0.411329129,1.46E-05,6.034490138
816,19.65498937,0.700281083,0.049452203,0.160579331,0.049854435,0.731249783,1.96E-05,1.513520612
817,20.4001822,0.659472356,0.057305869,0.180106089,0.050216532,0.524016447,1.88E-05,2.362389578
818,20.43568643,0.731502413,0.062381792,0.15224442,0.053786226,0.946669203,1.78E-05,3.209315904
819,19.66653573,0.640638214,0.043021052,0.161602658,0.050166728,0.683717947,7.30E-06,1.053250963
820,19.98062027,0.718227434,0.04711511,0.206156331,0.052459885,0.745751792,8.44E-06,1.857862349
821,17.65296768,0.649260698,0.055259986,0.201950394,0.049295483,0.566067592,1.56E-05,5.494154235
822,20.18532111,0.640964951,0.044268346,0.175115192,0.047484461,0.582616115,1.25E-05,1.965030404
823,18.22440987,0.630572322,0.043216253,0.169997094,0.051070502,0.6170675,1.64E-05,5.617937679
824,17.54905584,0.679199272,0.051012002,0.191661389,0.05238519,0.616465162,1.42E-05,6.072396768
825,19.47245118,0.635429977,0.045256633,0.159735822,0.047186245,0.488586638,6.90E-06,2.309230307
826,20.16140723,0.729169462,0.053395114,0.181883697,0.046151327,0.805729996,1.48E-05,5.310953087
827,18.55550162,0.732005751,0.059636699,0.162403494,0.052660609,0.787776981,1.72E-05,2.977293515
828,18.28224497,0.744849898,0.052706765,0.162732563,0.051348025,0.625534347,8.30E-06,2.122649185
829,19.25154566,0.715119378,0.04820201,0.196007352,0.047209177,0.427215642,1.84E-05,3.954816502
830,17.93368739,0.708542889,0.042493618,0.171332842,0.050586465,0.829975834,1.66E-05,2.051337702
831,20.03900358,0.636169515,0.048095655,0.199666545,0.048481549,0.352761726,1.45E-05,5.714780428
832,20.26836084,0.686767149,0.060448818,0.198208851,0.045965019,0.943631226,7.37E-06,3.037880827
833,18.86178105,0.604000306,0.053308534,0.17350683,0.05042327,0.534160372,1.34E-05,1.517410796
834,20.26023593,0.655721455,0.040425714,0.189470826,0.048050567,0.74080026,7.50E-06,2.741087211
835,18.85209677,0.679355877,0.044989813,0.178906036,0.050432561,0.496666525,1.74E-05,3.13906374
836,18.04343804,0.723450307,0.047767993,0.179091503,0.045765572,0.764422937,1.22E-05,2.648512399
837,18.70008358,0.607606798,0.062609251,0.172678303,0.045319131,0.575100479,1.49E-05,2.575684046
838,17.90973836,0.646047774,0.050340042,0.199011534,0.047390751,0.536254789,1.86E-05,4.598971355
839,18.41857262,0.666369453,0.062123007,0.157251021,0.046375575,0.402931162,1.05E-05,3.750780641
840,18.02815692,0.673395026,0.048969744,0.202113137,0.048199117,0.63041469,7.84E-06,3.795962916
841,20.38188627,0.650312304,0.062424354,0.171800691,0.05195411,0.654100421,1.91E-05,5.305093248
842,19.33847614,0.725791412,0.041928514,0.155116297,0.050351578,0.28720659,1.63E-05,2.553668481
843,17.75927027,0.678970856,0.045887707,0.167471044,0.045086076,0.704814428,8.93E-06,1.065255571
844,19.61798348,0.723257733,0.062035787,0.164323323,0.045834078,0.858172601,9.28E-06,6.23072415
845,18.75655527,0.663805209,0.043575594,0.20831262,0.054169896,0.781602778,2.14E-05,5.895420752
846,17.6321083,0.665527653,0.041069674,0.182210051,0.054778619,0.923406647,1.84E-05,2.519357542
847,17.76917741,0.688364459,0.044702057,0.186920783,0.052626457,0.859615114,9.44E-06,5.085421333
848,19.32117771,0.695693038,0.053909872,0.153861024,0.049087486,0.21194536,1.67E-05,3.283483995
849,19.37671785,0.652719941,0.05726792,0.153337368,0.054364941,0.605941752,6.30E-06,3.375783521
850,19.64843292,0.698829829,0.059280021,0.192982917,0.054147869,0.393392154,1.49E-05,5.987310286
851,20.30257451,0.740064872,0.048166902,0.164415717,0.049007677,0.382435306,1.96E-05,3.678092474
852,19.34183929,0.669858372,0.047088981,0.179443181,0.049553302,0.415294081,9.22E-06,5.86677069
853,20.17489549,0.66013923,0.043071106,0.164196308,0.052675709,0.277415939,1.00E-05,1.823854217
854,18.45440713,0.679287475,0.057244838,0.19356665,0.050333197,0.800396141,1.81E-05,6.027330866
855,17.94782583,0.619073654,0.041993744,0.1562631,0.047216812,0.286022917,8.27E-06,1.403212626
856,18.30362632,0.745925558,0.040115936,0.173357131,0.049370067,0.852001118,1.06E-05,3.568298961
857,17.98394799,0.63804011,0.041108761,0.1716641,0.052999986,0.221386532,1.55E-05,6.232804382
858,19.92534586,0.604872514,0.049521485,0.207512626,0.0463597,0.8654305,1.74E-05,5.822641583
859,20.36643897,0.637032921,0.059564672,0.197136948,0.051141365,0.369973465,1.77E-05,1.112351039
860,17.52257944,0.735164428,0.06091757,0.185478784,0.050244345,0.715303219,1.18E-05,5.685797636
861,18.73625394,0.690344872,0.041290448,0.199500939,0.045007226,0.209748955,2.16E-05,4.00768308
862,19.42861116,0.680513643,0.058369786,0.179758563,0.05057165,0.86860849,2.12E-05,3.066028251
863,18.12528994,0.717030712,0.046701806,0.167092409,0.047445445,0.58376461,2.09E-05,3.42127368
864,19.98160067,0.675487897,0.052414699,0.192528788,0.050819038,0.309634489,1.36E-05,3.575707353
865,20.05507774,0.731678543,0.043711975,0.160256162,0.049711517,0.564869423,1.24E-05,2.213002025
866,19.1401252,0.618898343,0.052853547,0.169216179,0.04792715,0.406502792,7.98E-06,5.847936649
867,20.29822039,0.713316109,0.045630105,0.193090291,0.047907096,0.807479904,1.82E-05,1.126985083
868,19.12524772,0.663243683,0.055832938,0.207994819,0.047651485,0.89969709,1.16E-05,1.321914124
869,19.39742156,0.623704047,0.06172389,0.1550281,0.052909894,0.791071337,1.72E-05,4.524247448
870,18.03761012,0.68339701,0.05315597,0.192781527,0.049965806,0.904681747,7.03E-06,5.218787647
871,19.2391668,0.665220684,0.040906912,0.19509951,0.054565189,0.651178744,1.82E-05,5.675406423
872,20.13318714,0.687609158,0.058808675,0.159619049,0.05204115,0.38824634,1.89E-05,3.778614555
873,19.80906594,0.668554942,0.05987219,0.191613123,0.052270744,0.769134771,1.51E-05,1.653760763
874,20.25132977,0.728851126,0.048240158,0.207654902,0.054971172,0.841246893,2.12E-05,4.780612169
875,18.5446358,0.69775608,0.059150945,0.200330635,0.046261469,0.30369063,6.40E-06,3.941130435
876,19.75332538,0.739693749,0.04101401,0.16234237,0.051273463,0.294135234,1.10E-05,4.088570913
877,20.43911649,0.638514995,0.044580723,0.159247237,0.054372212,0.729006401,1.27E-05,4.305438112
878,18.62150811,0.709320542,0.059842362,0.169654607,0.054906876,0.674389471,1.00E-05,2.833700581
879,19.46719564,0.684373335,0.044774669,0.206911125,0.053048416,0.55859015,1.67E-05,3.83147975
880,17.73370589,0.626186693,0.04093258,0.175247779,0.054836474,0.944299175,9.01E-06,3.449022506
881,17.82007661,0.649900541,0.043861306,0.15749343,0.046058602,0.377076281,2.05E-05,4.629065793
882,17.90315596,0.648292315,0.060724241,0.162256576,0.053185651,0.535603782,1.11E-05,4.8880887
883,19.99400473,0.715663775,0.059941341,0.193356141,0.048728367,0.322802283,1.62E-05,1.159301802
884,18.65617365,0.714703799,0.052028627,0.161221573,0.047696513,0.916713569,7.15E-06,3.40569715
885,17.97798346,0.731116052,0.041846189,0.19075065,0.052827579,0.404628977,1.94E-05,4.49416699
886,20.41270232,0.708113383,0.041436561,0.178461014,0.054788462,0.273639457,8.98E-06,4.062175575
887,19.90674273,0.64779177,0.062256152,0.20076296,0.047537619,0.456403262,1.87E-05,2.596199663
888,19.40606019,0.722109841,0.05733725,0.206988742,0.054113985,0.884551513,1.90E-05,3.391304579
889,19.69845275,0.720890151,0.046097803,0.191286945,0.051555261,0.622535868,1.39E-05,6.242703836
890,19.11623733,0.72496128,0.043399928,0.188578194,0.054077694,0.816353885,1.90E-05,5.59710351
891,19.89474526,0.741046592,0.051121734,0.175927673,0.049767453,0.610929037,1.68E-05,2.138893899
892,17.53668258,0.693736131,0.041695324,0.167802992,0.051617319,0.318281204,9.04E-06,5.445041249
893,18.32493194,0.641307076,0.04532131,0.196541968,0.054491713,0.806329134,1.92E-05,3.519609663
894,20.2918686,0.7155255,0.060272691,0.162208715,0.054255195,0.291500443,1.58E-05,1.819306525
895,19.84373858,0.622744827,0.056615901,0.193529442,0.049108862,0.246564914,1.29E-05,4.38509872
896,17.88259493,0.604701689,0.051758001,0.162613618,0.052072792,0.382048373,1.95E-05,4.135381202
897,18.9585905,0.688135904,0.061772345,0.201415934,0.045913593,0.941903103,1.53E-05,5.396395304
898,18.58646312,0.693596162,0.049736711,0.162022295,0.054346837,0.366042484,1.22E-05,3.228243011
899,17.56362309,0.63604812,0.059773149,0.150444035,0.054952167,0.288878245,2.06E-05,6.004831369
900,19.27333926,0.653406363,0.049466027,0.16960424,0.05397374,0.936301678,9.50E-06,1.924032798
901,18.24912036,0.730221228,0.056145585,0.192753053,0.051315081,0.693770231,8.88E-06,3.997065902
902,20.00190312,0.641688619,0.048616054,0.154382428,0.051309657,0.271336374,1.42E-05,5.954277509
903,19.45399672,0.612289181,0.055180964,0.207009181,0.049394502,0.577921102,1.01E-05,5.852003687
904,17.78728599,0.620285093,0.059179754,0.156176308,0.052410647,0.290078546,1.54E-05,5.788513637
905,19.70614971,0.600559422,0.059493413,0.173525504,0.051164527,0.723417677,1.41E-05,2.897890452
906,19.7440744,0.696134864,0.060972351,0.205489875,0.050745167,0.769617328,9.35E-06,1.662119262
907,19.13638543,0.722005154,0.056979512,0.196730869,0.050828151,0.618657853,1.28E-05,4.268532094
908,19.11360584,0.63391266,0.046027666,0.175601016,0.051081487,0.671549539,9.14E-06,3.307480146
909,19.44235835,0.730743607,0.044726734,0.202789852,0.046321769,0.234103452,8.02E-06,1.782282293
910,19.85991287,0.70696389,0.046443131,0.189848613,0.050192256,0.521097976,1.01E-05,5.811928031
911,18.64506989,0.638702035,0.050089377,0.203523217,0.052432916,0.772040296,1.45E-05,4.444111574
912,17.96675658,0.743592687,0.057130203,0.171939665,0.047899493,0.528870463,1.88E-05,6.156774635
913,17.91910974,0.659714419,0.050584142,0.195144105,0.053205925,0.538533412,1.83E-05,3.171335025
914,20.2294571,0.6100315,0.052361802,0.2050928,0.051479836,0.522397992,1.88E-05,1.3596758
915,18.51957964,0.710157785,0.053795431,0.201005484,0.051989935,0.360865853,1.02E-05,2.5346809
916,17.61506377,0.664229206,0.051048558,0.151283623,0.047834502,0.497111801,1.59E-05,1.897101988
917,19.199223,0.66353253,0.040220364,0.166279889,0.054516043,0.419399851,1.12E-05,2.089627318
918,19.05613457,0.698696154,0.042089907,0.151235201,0.046779816,0.621284188,1.80E-05,3.05166263
919,19.93239603,0.64907218,0.040588706,0.186325432,0.050325308,0.601183726,1.93E-05,4.943599492
920,18.92638421,0.68723859,0.047716887,0.167217191,0.054660619,0.910528343,1.79E-05,2.498204081
921,20.06959799,0.664467146,0.06265745,0.162131336,0.053833542,0.805011011,2.10E-05,3.103179047
922,19.93573191,0.743545904,0.057539294,0.20273018,0.053331468,0.712755589,8.92E-06,2.464066969
923,19.87932837,0.653118546,0.05380505,0.182647098,0.051322083,0.648161313,9.12E-06,1.905627294
924,17.50767623,0.604999628,0.061385968,0.177598178,0.045573709,0.478782364,1.41E-05,2.311080128
925,19.36036516,0.704737976,0.060049538,0.202522232,0.054616793,0.485933036,1.32E-05,4.382807536
926,19.75141639,0.631390329,0.057385996,0.158464796,0.047558888,0.941721936,1.77E-05,2.33206016
927,18.92487252,0.627000869,0.04925731,0.209820439,0.045455822,0.850531301,2.16E-05,6.286586829
928,20.32798649,0.720693486,0.061021517,0.185350214,0.047002227,0.356330424,1.50E-05,1.699021887
929,17.90770125,0.627402048,0.041320395,0.159521651,0.050773365,0.565740514,1.27E-05,2.731890115
930,20.28298847,0.722877015,0.052422911,0.171122656,0.046616119,0.93937867,1.81E-05,1.248503928
931,19.00494752,0.742894711,0.058747252,0.200726925,0.050956259,0.449643962,1.30E-05,5.603156104
932,19.44056218,0.613400451,0.054739841,0.16772915,0.049467302,0.27932594,1.71E-05,2.774445415
933,19.08912121,0.689867311,0.04010232,0.170860785,0.048302052,0.940887664,2.06E-05,1.741400246
934,18.57772797,0.665339996,0.052487913,0.209138519,0.047079433,0.447029306,1.51E-05,4.513170836
935,18.11522153,0.711962118,0.04783108,0.162582187,0.048209502,0.909659933,1.30E-05,5.702229548
936,19.03285327,0.677097837,0.042639839,0.20731679,0.050276234,0.716208202,1.76E-05,5.267153567
937,19.86183312,0.709770106,0.043517099,0.189086078,0.052377608,0.315742021,1.06E-05,2.354612978
938,17.56241269,0.712183041,0.048819413,0.174154767,0.04821605,0.203073011,1.19E-05,1.938591118
939,19.31476109,0.739813923,0.043601585,0.172211098,0.047423777,0.87044075,6.56E-06,2.993274703
940,18.24223711,0.655567977,0.062468758,0.165519983,0.045548659,0.260980742,1.99E-05,4.292526701
941,19.02605546,0.747807251,0.060226777,0.193151865,0.050029161,0.340074834,7.44E-06,6.29778044
942,18.40906575,0.699127504,0.053714704,0.206528439,0.050593624,0.256367799,1.95E-05,4.416215026
943,19.85547561,0.747583517,0.058453567,0.166716552,0.046075149,0.733872393,8.36E-06,1.79442559
944,18.95268116,0.642405233,0.052748097,0.15808692,0.048571301,0.83401248,1.21E-05,4.617058917
945,18.01689761,0.706642879,0.061171378,0.16305681,0.05102205,0.218915543,9.19E-06,2.933892937
946,20.16776842,0.727589162,0.052317404,0.164137385,0.053014794,0.619696751,2.00E-05,2.584181303
947,18.63558828,0.630886032,0.049083484,0.19034615,0.047296441,0.679164114,1.40E-05,1.973509103
948,20.02051664,0.689372343,0.050622961,0.155194705,0.049979494,0.430113836,8.73E-06,2.258341057
949,19.31764207,0.740389919,0.045855233,0.173660202,0.048412138,0.204223141,1.85E-05,4.482556094
950,18.57283468,0.637717391,0.048425524,0.186363826,0.052648226,0.333071988,9.85E-06,2.941107694
951,17.75218004,0.720179145,0.041538302,0.180538271,0.053916806,0.571804232,2.07E-05,1.099711176
952,18.15207674,0.701055475,0.053603659,0.196961614,0.04826831,0.248206549,1.58E-05,3.824381323
953,17.84999496,0.639204721,0.058856843,0.182987676,0.051510383,0.779468265,7.04E-06,1.450665901
954,18.05013179,0.732848569,0.041569329,0.194835867,0.051138382,0.703066168,7.35E-06,3.17009034
955,18.50090943,0.671168508,0.045457433,0.154534047,0.053281394,0.431916981,1.75E-05,5.055212903
956,18.29606617,0.669308178,0.062694879,0.163795329,0.051039085,0.460913909,8.05E-06,2.271311667
957,18.58128668,0.617221156,0.044670431,0.168716447,0.047738695,0.217589884,1.44E-05,1.545306899
958,19.87625883,0.744306872,0.050743299,0.16755363,0.04618325,0.92088729,1.97E-05,4.650180897
959,18.22809942,0.690838787,0.059339887,0.197931534,0.047741274,0.391704893,1.24E-05,4.564395529
960,17.77100402,0.680336315,0.060090709,0.159005652,0.049563346,0.268924761,1.52E-05,2.780066527
961,18.21401808,0.605734954,0.040344967,0.198344848,0.045157983,0.701550401,1.57E-05,3.560221353
962,19.65374591,0.605699614,0.05703345,0.190211127,0.047227128,0.407482092,6.39E-06,2.380390456
963,18.20719391,0.64017777,0.056146134,0.166320393,0.045843037,0.483345626,1.72E-05,5.793082801
964,18.23447743,0.625839999,0.055557695,0.174608237,0.05062014,0.675214511,1.02E-05,5.873379857
965,17.64147504,0.65699056,0.046326493,0.16804476,0.054609571,0.827347248,1.31E-05,4.724651796
966,17.89101313,0.737165342,0.053589029,0.167398198,0.05013806,0.368270905,1.38E-05,5.925357297
967,20.14615087,0.634414392,0.041556976,0.158740594,0.054095707,0.471284167,1.47E-05,3.793876263
968,17.83910501,0.613308233,0.054121704,0.186714047,0.045902456,0.292328632,2.10E-05,1.1661539
969,18.71638573,0.650880494,0.053360126,0.193981084,0.054486585,0.45041432,9.17E-06,3.535936679
970,19.17188913,0.747301411,0.045076374,0.198255667,0.052755225,0.513208572,1.58E-05,3.889176185
971,18.1566283,0.621369857,0.045386453,0.165070726,0.052203761,0.412637234,1.55E-05,5.543112201
972,17.98794168,0.658772933,0.057464303,0.206664599,0.053497166,0.255989076,6.25E-06,4.432750922
973,19.51249422,0.695009687,0.04095344,0.152846513,0.048823849,0.326239332,1.31E-05,1.863130876
974,20.48516065,0.744936942,0.05795004,0.153281689,0.050970996,0.856980585,1.87E-05,4.750248011
975,20.23293488,0.629866926,0.052866916,0.209431537,0.054229747,0.205212108,1.43E-05,2.692652077
976,19.22047009,0.653368335,0.060615376,0.177096783,0.054277612,0.784454861,1.74E-05,4.587222804
977,19.77241572,0.644359189,0.048289099,0.194613916,0.046445143,0.41212519,1.69E-05,4.885855838
978,18.31518653,0.682510601,0.055901974,0.179129978,0.046579431,0.564040956,1.84E-05,4.463318999
979,19.37047051,0.737304003,0.055275398,0.1709296,0.049999985,0.35760191,1.97E-05,5.875406141
980,19.8706946,0.733049484,0.060887897,0.158632928,0.049756237,0.599613757,1.86E-05,1.153421816
981,18.67461855,0.670577469,0.060786452,0.161552014,0.051855534,0.374893506,1.27E-05,2.701502628
982,20.30581383,0.727157447,0.047796095,0.193307625,0.05192546,0.353535747,2.00E-05,2.19542912
983,20.01902261,0.618567381,0.048626079,0.172782819,0.047820511,0.849552531,1.72E-05,2.323548538
984,18.04006374,0.724179745,0.056018911,0.199188693,0.05017538,0.746967145,1.60E-05,2.373853029
985,19.9159397,0.749894565,0.048271586,0.166050349,0.047962494,0.672792243,1.02E-05,4.438112311
986,18.32072033,0.726787063,0.061616923,0.161975252,0.045071317,0.433360264,1.19E-05,5.85657913
987,20.47015719,0.657856775,0.046754319,0.20383332,0.048376037,0.754970876,2.13E-05,2.33733803
988,18.75807519,0.645430537,0.058876733,0.171444024,0.054931446,0.542740311,7.08E-06,2.757741851
989,20.04375205,0.605449422,0.046482142,0.154777131,0.046814024,0.900869736,1.78E-05,4.20206479
990,18.35832359,0.661511341,0.051872906,0.150199626,0.04816948,0.662622592,9.57E-06,1.97656777
991,18.47100367,0.615379014,0.062237699,0.156031228,0.047789921,0.925869959,7.91E-06,2.077245891
992,19.7385272,0.744272446,0.048320643,0.189656079,0.046434145,0.672002844,2.10E-05,4.776936424
993,19.76823272,0.725970855,0.041089733,0.163492242,0.051017566,0.869278065,1.04E-05,5.467905956
994,19.77556379,0.704909432,0.059302801,0.179202511,0.051459345,0.323580257,2.11E-05,4.182521225
995,18.56829059,0.73540168,0.040274827,0.151919715,0.049540944,0.276894521,1.98E-05,5.692092062
996,19.27161126,0.682979379,0.054871606,0.159302816,0.054403615,0.649777671,7.33E-06,3.086178812
997,20.02744415,0.709969729,0.048767737,0.156784915,0.045557295,0.361561685,1.26E-05,3.046101315
998,19.60544574,0.651242042,0.056698841,0.183288107,0.051522951,0.919104176,8.99E-06,4.866870593
999,18.6663763,0.721038865,0.049214292,0.153423731,0.051871102,0.44078237,2.02E-05,5.758164633
1000,19.47580115,0.664560484,0.048056009,0.190735205,0.053429538,0.630562925,1.15E-05,5.98326695
